,timestamp,adjclose,close,high,low,volume,open
0,2018-07-30 13:30:00,58.034000396728516,58.034000396728516,59.220001220703125,57.22600173950195,34070500,59.18000030517578
1,2018-07-31 13:30:00,59.62799835205078,59.62799835205078,59.66400146484375,57.81399917602539,25384500,58.45000076293945
2,2018-08-01 13:30:00,60.167999267578125,60.167999267578125,60.599998474121094,58.599998474121094,50647000,59.597999572753906
3,2018-08-02 13:30:00,69.90799713134766,69.90799713134766,69.99800109863281,64.63200378417969,116075000,65.68800354003906
4,2018-08-03 13:30:00,69.63400268554688,69.63400268554688,71.0,68.50599670410156,68282500,69.56199645996094
5,2018-08-06 13:30:00,68.39800262451172,68.39800262451172,70.99600219726562,68.36399841308594,42821500,69.09200286865234
6,2018-08-07 13:30:00,75.91400146484375,75.91400146484375,77.49199676513672,67.83000183105469,154379000,68.76799774169922
7,2018-08-08 13:30:00,74.06800079345703,74.06800079345703,76.52799987792969,73.42400360107422,122856000,73.81800079345703
8,2018-08-09 13:30:00,70.48999786376953,70.48999786376953,73.4020004272461,69.14600372314453,85919000,73.11000061035156
9,2018-08-10 13:30:00,71.0979995727539,71.0979995727539,72.0,69.19999694824219,57760000,70.80000305175781
10,2018-08-13 13:30:00,71.28199768066406,71.28199768066406,72.63800048828125,69.80400085449219,52319500,72.22599792480469
11,2018-08-14 13:30:00,69.52799987792969,69.52799987792969,71.83999633789062,69.41999816894531,34932000,71.69000244140625
12,2018-08-15 13:30:00,67.73799896240234,67.73799896240234,68.89800262451172,66.4280014038086,45506500,68.38200378417969
13,2018-08-16 13:30:00,67.08999633789062,67.08999633789062,68.45600128173828,66.76399993896484,30320000,67.98200225830078
14,2018-08-17 13:30:00,61.099998474121094,61.099998474121094,65.35399627685547,60.70600128173828,94793000,64.69999694824219
15,2018-08-20 13:30:00,61.6879997253418,61.6879997253418,61.70000076293945,57.63999938964844,87011500,58.34000015258789
16,2018-08-21 13:30:00,64.37999725341797,64.37999725341797,64.95800018310547,61.79999923706055,65861000,62.12200164794922
17,2018-08-22 13:30:00,64.3280029296875,64.3280029296875,64.7760009765625,62.933998107910156,29730000,64.17400360107422
18,2018-08-23 13:30:00,64.0199966430664,64.0199966430664,65.46399688720703,63.619998931884766,25736500,63.827999114990234
19,2018-08-24 13:30:00,64.56400299072266,64.56400299072266,64.7699966430664,63.880001068115234,18013000,64.13999938964844
20,2018-08-27 13:30:00,63.854000091552734,63.854000091552734,64.48799896240234,61.762001037597656,65396500,63.599998474121094
21,2018-08-28 13:30:00,62.37200164794922,62.37200164794922,63.7760009765625,62.237998962402344,38245500,63.68199920654297
22,2018-08-29 13:30:00,61.00199890136719,61.00199890136719,62.369998931884766,60.737998962402344,37237000,62.05400085449219
23,2018-08-30 13:30:00,60.630001068115234,60.630001068115234,60.91999816894531,59.54399871826172,36083500,60.45199966430664
24,2018-08-31 13:30:00,60.332000732421875,60.332000732421875,61.0620002746582,59.720001220703125,26875500,60.400001525878906
25,2018-09-04 13:30:00,57.790000915527344,57.790000915527344,59.63800048828125,57.599998474121094,41752500,59.38800048828125
26,2018-09-05 13:30:00,56.14799880981445,56.14799880981445,57.35599899291992,55.43600082397461,38604000,57.0099983215332
27,2018-09-06 13:30:00,56.189998626708984,56.189998626708984,58.23400115966797,55.7760009765625,37404000,56.959999084472656
28,2018-09-07 13:30:00,52.64799880981445,52.64799880981445,53.66999816894531,50.45000076293945,112459500,52.02000045776367
29,2018-09-10 13:30:00,57.099998474121094,57.099998474121094,57.20600128173828,54.20000076293945,71417500,54.652000427246094
30,2018-09-11 13:30:00,55.88800048828125,55.88800048828125,56.400001525878906,54.709999084472656,45850000,55.89400100708008
31,2018-09-12 13:30:00,58.108001708984375,58.108001708984375,58.5,55.72999954223633,50077000,56.28799819946289
32,2018-09-13 13:30:00,57.891998291015625,57.891998291015625,59.0,57.0359992980957,31701500,57.604000091552734
33,2018-09-14 13:30:00,59.040000915527344,59.040000915527344,59.465999603271484,57.30400085449219,33828000,57.75199890136719
34,2018-09-17 13:30:00,58.96799850463867,58.96799850463867,60.17399978637695,57.625999450683594,34438000,58.007999420166016
35,2018-09-18 13:30:00,56.992000579833984,56.992000579833984,60.52799987792969,55.099998474121094,82737500,59.3380012512207
36,2018-09-19 13:30:00,59.80400085449219,59.80400085449219,60.0,56.099998474121094,41474500,56.10200119018555
37,2018-09-20 13:30:00,59.66600036621094,59.66600036621094,61.19599914550781,58.66600036621094,36747000,60.71200180053711
38,2018-09-21 13:30:00,59.81999969482422,59.81999969482422,60.11600112915039,59.07400131225586,25252500,59.540000915527344
39,2018-09-24 13:30:00,59.93600082397461,59.93600082397461,60.599998474121094,58.715999603271484,24215000,59.69599914550781
40,2018-09-25 13:30:00,60.198001861572266,60.198001861572266,60.91999816894531,59.29999923706055,22408500,60.0
41,2018-09-26 13:30:00,61.91600036621094,61.91600036621094,62.77799987792969,60.22200012207031,39216000,60.38199996948242
42,2018-09-27 13:30:00,61.50400161743164,61.50400161743164,62.992000579833984,61.38199996948242,42545500,62.58000183105469
43,2018-09-28 13:30:00,52.95399856567383,52.95399856567383,55.599998474121094,52.11199951171875,168248500,54.051998138427734
44,2018-10-01 13:30:00,62.13999938964844,62.13999938964844,62.28799819946289,60.209999084472656,108888000,61.15399932861328
45,2018-10-02 13:30:00,60.20399856567383,60.20399856567383,63.36800003051758,59.83000183105469,58717500,62.790000915527344
46,2018-10-03 13:30:00,58.959999084472656,58.959999084472656,60.91999816894531,58.31399917602539,39975000,60.66600036621094
47,2018-10-04 13:30:00,56.36600112915039,56.36600112915039,58.79999923706055,55.534000396728516,49071000,58.790000915527344
48,2018-10-05 13:30:00,52.38999938964844,52.38999938964844,54.97600173950195,52.0,89722500,54.93000030517578
49,2018-10-08 13:30:00,50.11199951171875,50.11199951171875,53.551998138427734,49.79999923706055,67363500,52.90399932861328
50,2018-10-09 13:30:00,52.560001373291016,52.560001373291016,53.354000091552734,50.65999984741211,60303000,51.04999923706055
51,2018-10-10 13:30:00,51.375999450683594,51.375999450683594,53.10200119018555,49.55400085449219,64076500,52.922000885009766
52,2018-10-11 13:30:00,50.44599914550781,50.44599914550781,52.45000076293945,49.805999755859375,40838500,51.50600051879883
53,2018-10-12 13:30:00,51.75600051879883,51.75600051879883,52.39799880981445,50.402000427246094,36007000,52.20000076293945
54,2018-10-15 13:30:00,51.917999267578125,51.917999267578125,52.65599822998047,50.90800094604492,31000000,51.8120002746582
55,2018-10-16 13:30:00,55.31800079345703,55.31800079345703,55.47600173950195,52.448001861572266,47632000,53.13999938964844
56,2018-10-17 13:30:00,54.35599899291992,54.35599899291992,56.540000915527344,53.15999984741211,43277500,56.47999954223633
57,2018-10-18 13:30:00,52.78200149536133,52.78200149536133,54.20000076293945,52.599998474121094,27106000,53.858001708984375
58,2018-10-19 13:30:00,52.0,52.0,53.93199920654297,50.70000076293945,46877500,53.47800064086914
59,2018-10-22 13:30:00,52.189998626708984,52.189998626708984,52.37200164794922,50.518001556396484,28001500,52.13600158691406
60,2018-10-23 13:30:00,58.827999114990234,58.827999114990234,59.58599853515625,52.41999816894531,95139000,52.77399826049805
61,2018-10-24 13:30:00,57.70000076293945,57.70000076293945,60.88800048828125,57.145999908447266,100291500,60.209999084472656
62,2018-10-25 13:30:00,62.97200012207031,62.97200012207031,64.19999694824219,60.20199966430664,104203500,63.444000244140625
63,2018-10-26 13:30:00,66.18000030517578,66.18000030517578,67.9800033569336,61.33000183105469,137127500,61.650001525878906
64,2018-10-29 13:30:00,66.97000122070312,66.97000122070312,69.43199920654297,65.30000305175781,72430000,67.49400329589844
65,2018-10-30 13:30:00,65.9800033569336,65.9800033569336,67.58000183105469,64.4520034790039,45633500,65.6780014038086
66,2018-10-31 13:30:00,67.46399688720703,67.46399688720703,68.4000015258789,65.81999969482422,38121500,66.50800323486328
67,2018-11-01 13:30:00,68.85600280761719,68.85600280761719,69.56800079345703,66.94599914550781,40000500,67.6520004272461
68,2018-11-02 13:30:00,69.28199768066406,69.28199768066406,69.83999633789062,68.18199920654297,39040000,68.74800109863281
69,2018-11-05 14:30:00,68.27999877929688,68.27999877929688,68.79199981689453,66.02799987792969,39155000,68.0999984741211
70,2018-11-06 14:30:00,68.21199798583984,68.21199798583984,69.76000213623047,67.21800231933594,33814500,67.81400299072266
71,2018-11-07 14:30:00,69.63200378417969,69.63200378417969,70.23600006103516,68.16000366210938,36872500,68.66799926757812
72,2018-11-08 14:30:00,70.27999877929688,70.27999877929688,71.51599884033203,69.68800354003906,35453500,69.69999694824219
73,2018-11-09 14:30:00,70.10199737548828,70.10199737548828,70.80000305175781,69.0459976196289,25494000,69.80000305175781
74,2018-11-12 14:30:00,66.25599670410156,66.25599670410156,69.95600128173828,66.06800079345703,34707500,69.67400360107422
75,2018-11-13 14:30:00,67.74600219726562,67.74600219726562,68.94000244140625,66.44000244140625,27243000,66.63200378417969
76,2018-11-14 14:30:00,68.80000305175781,68.80000305175781,69.4219970703125,67.43000030517578,25201500,68.54000091552734
77,2018-11-15 14:30:00,69.68800354003906,69.68800354003906,69.71600341796875,67.80799865722656,23128500,68.46600341796875
78,2018-11-16 14:30:00,70.86199951171875,70.86199951171875,71.13999938964844,69.02400207519531,36031000,69.03800201416016
79,2018-11-19 14:30:00,70.69400024414062,70.69400024414062,73.3499984741211,70.57599639892578,48544500,71.26799774169922
80,2018-11-20 14:30:00,69.49800109863281,69.49800109863281,69.95999908447266,66.70999908447266,40023500,68.3499984741211
81,2018-11-21 14:30:00,67.63800048828125,67.63800048828125,70.62000274658203,67.4800033569336,23434000,70.4000015258789
82,2018-11-23 14:30:00,65.16600036621094,65.16600036621094,67.5,65.11000061035156,21013000,66.87000274658203
83,2018-11-26 14:30:00,69.19999694824219,69.19999694824219,69.24400329589844,65.0,39960500,65.0
84,2018-11-27 14:30:00,68.78399658203125,68.78399658203125,69.39199829101562,67.0999984741211,31791500,68.01000213623047
85,2018-11-28 14:30:00,69.5739974975586,69.5739974975586,69.65599822998047,68.44200134277344,20638000,69.197998046875
86,2018-11-29 14:30:00,68.23400115966797,68.23400115966797,69.5,67.91000366210938,15403500,69.4000015258789
87,2018-11-30 14:30:00,70.09600067138672,70.09600067138672,70.31999969482422,67.6520004272461,28145500,68.36599731445312
88,2018-12-03 14:30:00,71.697998046875,71.697998046875,73.19999694824219,70.4000015258789,41532500,72.0
89,2018-12-04 14:30:00,71.94000244140625,71.94000244140625,73.73600006103516,70.4000015258789,42309500,71.20999908447266
90,2018-12-06 14:30:00,72.61199951171875,72.61199951171875,73.47599792480469,70.1520004272461,39212500,71.2020034790039
91,2018-12-07 14:30:00,71.59400177001953,71.59400177001953,75.89800262451172,71.52999877929688,57556000,73.80000305175781
92,2018-12-10 14:30:00,73.02999877929688,73.02999877929688,73.19599914550781,70.6240005493164,33067500,72.0
93,2018-12-11 14:30:00,73.35199737548828,73.35199737548828,74.43399810791016,72.0459976196289,31544000,73.98200225830078
94,2018-12-12 14:30:00,73.31999969482422,73.31999969482422,74.38200378417969,73.03199768066406,25135000,73.88400268554688
95,2018-12-13 14:30:00,75.35800170898438,75.35800170898438,75.48799896240234,73.3499984741211,36829500,74.02999877929688
96,2018-12-14 14:30:00,73.14199829101562,73.14199829101562,75.5739974975586,72.86599731445312,31688000,75.0
97,2018-12-17 14:30:00,69.68399810791016,69.68399810791016,73.13999938964844,68.7760009765625,38370000,72.4000015258789
98,2018-12-18 14:30:00,67.40599822998047,67.40599822998047,70.30999755859375,66.73799896240234,35500000,70.10800170898438
99,2018-12-19 14:30:00,66.59400177001953,66.59400177001953,69.4020004272461,65.947998046875,41371000,67.5199966430664
100,2018-12-20 14:30:00,63.07600021362305,63.07600021362305,66.05799865722656,62.374000549316406,45359500,65.41000366210938
101,2018-12-21 14:30:00,63.95399856567383,63.95399856567383,64.69400024414062,62.487998962402344,40084000,63.47999954223633
102,2018-12-24 14:30:00,59.077999114990234,59.077999114990234,62.900001525878906,59.040000915527344,27799500,62.70000076293945
103,2018-12-26 14:30:00,65.21800231933594,65.21800231933594,65.39399719238281,58.81800079345703,40815500,60.0
104,2018-12-27 14:30:00,63.22600173950195,63.22600173950195,64.43399810791016,60.29999923706055,42875500,63.96799850463867
105,2018-12-28 14:30:00,66.77400207519531,66.77400207519531,67.24800109863281,63.68199920654297,49695000,64.62000274658203
106,2018-12-31 14:30:00,66.55999755859375,66.55999755859375,67.84200286865234,65.052001953125,31511500,67.55799865722656
107,2019-01-02 14:30:00,62.02399826049805,62.02399826049805,63.0260009765625,59.7599983215332,58293000,61.220001220703125
108,2019-01-03 14:30:00,60.071998596191406,60.071998596191406,61.880001068115234,59.47600173950195,34826000,61.400001525878906
109,2019-01-04 14:30:00,63.53799819946289,63.53799819946289,63.599998474121094,60.54600143432617,36970500,61.20000076293945
110,2019-01-07 14:30:00,66.99199676513672,66.99199676513672,67.3479995727539,63.54999923706055,37756000,64.34400177001953
111,2019-01-08 14:30:00,67.06999969482422,67.06999969482422,68.802001953125,65.40399932861328,35042500,68.39199829101562
112,2019-01-09 14:30:00,67.70600128173828,67.70600128173828,68.69999694824219,66.29399871826172,27164500,67.0999984741211
113,2019-01-10 14:30:00,68.99400329589844,68.99400329589844,69.0780029296875,66.35800170898438,30282000,66.87999725341797
114,2019-01-11 14:30:00,69.4520034790039,69.4520034790039,69.68199920654297,67.75399780273438,25195500,68.41799926757812
115,2019-01-14 14:30:00,66.87999725341797,66.87999725341797,68.5,66.80000305175781,26236500,68.47599792480469
116,2019-01-15 14:30:00,68.88600158691406,68.88600158691406,69.76000213623047,66.9000015258789,30283000,67.0
117,2019-01-16 14:30:00,69.20999908447266,69.20999908447266,70.4000015258789,68.69999694824219,23458500,68.95600128173828
118,2019-01-17 14:30:00,69.46199798583984,69.46199798583984,70.30000305175781,68.83000183105469,18383500,69.24199676513672
119,2019-01-18 14:30:00,60.45199966430664,60.45199966430664,65.4260025024414,59.94599914550781,120754000,64.5999984741211
120,2019-01-22 14:30:00,59.784000396728516,59.784000396728516,61.599998474121094,59.099998474121094,60333500,60.9640007019043
121,2019-01-23 14:30:00,57.518001556396484,57.518001556396484,58.900001525878906,56.3380012512207,62650000,58.5
122,2019-01-24 14:30:00,58.301998138427734,58.301998138427734,58.736000061035156,55.85599899291992,40061000,56.60599899291992
123,2019-01-25 14:30:00,59.40800094604492,59.40800094604492,59.70399856567383,57.90999984741211,36248000,58.87799835205078
124,2019-01-28 14:30:00,59.2760009765625,59.2760009765625,59.492000579833984,57.54999923706055,32116500,58.582000732421875
125,2019-01-29 14:30:00,59.492000579833984,59.492000579833984,59.71200180053711,58.36000061035156,23108500,59.05400085449219
126,2019-01-30 14:30:00,61.75400161743164,61.75400161743164,61.79999923706055,59.698001861572266,56251500,60.09000015258789
127,2019-01-31 14:30:00,61.40399932861328,61.40399932861328,62.3120002746582,58.79999923706055,62846000,60.20000076293945
128,2019-02-01 14:30:00,62.44200134277344,62.44200134277344,63.220001220703125,60.70000076293945,36417000,61.08399963378906
129,2019-02-04 14:30:00,62.577999114990234,62.577999114990234,63.060001373291016,60.375999450683594,36760500,62.59600067138672
130,2019-02-05 14:30:00,64.2699966430664,64.2699966430664,64.48799896240234,62.45000076293945,33714000,62.49800109863281
131,2019-02-06 14:30:00,63.444000244140625,63.444000244140625,64.8479995727539,63.124000549316406,25192500,63.917999267578125
132,2019-02-07 14:30:00,61.50199890136719,61.50199890136719,62.939998626708984,60.599998474121094,32603000,62.65999984741211
133,2019-02-08 14:30:00,61.15999984741211,61.15999984741211,61.4900016784668,59.70000076293945,29221000,61.36600112915039
134,2019-02-11 14:30:00,62.56800079345703,62.56800079345703,63.720001220703125,62.099998474121094,35648500,62.31999969482422
135,2019-02-12 14:30:00,62.36199951171875,62.36199951171875,63.63800048828125,61.92399978637695,27588000,63.2400016784668
136,2019-02-13 14:30:00,61.63399887084961,61.63399887084961,62.54999923706055,61.11399841308594,25708000,62.470001220703125
137,2019-02-14 14:30:00,60.75400161743164,60.75400161743164,61.354000091552734,60.20000076293945,26004000,60.67599868774414
138,2019-02-15 14:30:00,61.57600021362305,61.57600021362305,61.599998474121094,60.779998779296875,19524500,60.900001525878906
139,2019-02-19 14:30:00,61.12799835205078,61.12799835205078,62.30799865722656,61.09400177001953,20842000,61.3120002746582
140,2019-02-20 14:30:00,60.512001037597656,60.512001037597656,61.2599983215332,59.79999923706055,35710500,60.88199996948242
141,2019-02-21 14:30:00,58.24599838256836,58.24599838256836,60.64799880981445,58.099998474121094,44546000,60.36199951171875
142,2019-02-22 14:30:00,58.94200134277344,58.94200134277344,59.29999923706055,58.41999816894531,28703000,58.89799880981445
143,2019-02-25 14:30:00,59.75400161743164,59.75400161743164,60.58000183105469,59.400001525878906,33132500,59.582000732421875
144,2019-02-26 14:30:00,59.571998596191406,59.571998596191406,60.402000427246094,57.75400161743164,42912500,58.444000244140625
145,2019-02-27 14:30:00,62.948001861572266,62.948001861572266,63.2599983215332,60.11000061035156,55919500,60.35599899291992
146,2019-02-28 14:30:00,63.97600173950195,63.97600173950195,64.0,62.1619987487793,52603500,63.784000396728516
147,2019-03-01 14:30:00,58.95800018310547,58.95800018310547,61.42599868774414,58.380001068115234,114557000,61.38800048828125
148,2019-03-04 14:30:00,57.071998596191406,57.071998596191406,59.79999923706055,56.555999755859375,85484000,59.624000549316406
149,2019-03-05 14:30:00,55.30799865722656,55.30799865722656,56.79999923706055,54.02000045776367,93823500,56.400001525878906
150,2019-03-06 14:30:00,55.24800109863281,55.24800109863281,56.301998138427734,54.87799835205078,51677500,55.29600143432617
151,2019-03-07 14:30:00,55.31800079345703,55.31800079345703,56.939998626708984,54.849998474121094,47212500,55.768001556396484
152,2019-03-08 14:30:00,56.827999114990234,56.827999114990234,57.11800003051758,55.178001403808594,44098000,55.38199996948242
153,2019-03-11 13:30:00,58.183998107910156,58.183998107910156,58.25600051879883,56.099998474121094,36961500,56.70399856567383
154,2019-03-12 13:30:00,56.672000885009766,56.672000885009766,57.61399841308594,56.21200180053711,37520500,57.29800033569336
155,2019-03-13 13:30:00,57.79199981689453,57.79199981689453,58.39799880981445,56.540000915527344,34223500,56.779998779296875
156,2019-03-14 13:30:00,57.992000579833984,57.992000579833984,59.077999114990234,57.65800094604492,35517000,58.4900016784668
157,2019-03-15 13:30:00,55.08599853515625,55.08599853515625,56.74399948120117,54.880001068115234,73927500,56.70199966430664
158,2019-03-18 13:30:00,53.89799880981445,53.89799880981445,55.61000061035156,53.459999084472656,51405000,55.20000076293945
159,2019-03-19 13:30:00,53.49399948120117,53.49399948120117,54.65999984741211,52.69200134277344,59003000,53.5
160,2019-03-20 13:30:00,54.720001220703125,54.720001220703125,54.99399948120117,53.2599983215332,34541000,53.9379997253418
161,2019-03-21 13:30:00,54.80400085449219,54.80400085449219,55.290000915527344,53.689998626708984,29735500,54.52000045776367
162,2019-03-22 13:30:00,52.90599822998047,52.90599822998047,54.560001373291016,52.79999923706055,43728000,54.51599884033203
163,2019-03-25 13:30:00,52.08399963378906,52.08399963378906,52.63600158691406,50.891998291015625,51075000,51.94200134277344
164,2019-03-26 13:30:00,53.55400085449219,53.55400085449219,54.051998138427734,52.88600158691406,36754500,52.88800048828125
165,2019-03-27 13:30:00,54.965999603271484,54.965999603271484,55.07400131225586,53.63600158691406,43896000,53.75
166,2019-03-28 13:30:00,55.7239990234375,55.7239990234375,56.066001892089844,55.02000045776367,33870500,55.43199920654297
167,2019-03-29 13:30:00,55.97200012207031,55.97200012207031,56.03200149536133,54.900001525878906,29956500,55.7400016784668
168,2019-04-01 13:30:00,57.83599853515625,57.83599853515625,57.84000015258789,56.25600051879883,40552000,56.52399826049805
169,2019-04-02 13:30:00,57.17599868774414,57.17599868774414,57.88800048828125,56.7760009765625,27394500,57.65999984741211
170,2019-04-03 13:30:00,58.36199951171875,58.36199951171875,59.23400115966797,57.433998107910156,39597000,57.4640007019043
171,2019-04-04 13:30:00,53.555999755859375,53.555999755859375,54.2400016784668,52.11800003051758,118603500,52.37799835205078
172,2019-04-05 13:30:00,54.992000579833984,54.992000579833984,55.220001220703125,53.22200012207031,65191500,53.97200012207031
173,2019-04-08 13:30:00,54.63999938964844,54.63999938964844,56.231998443603516,54.0880012512207,52052000,55.53799819946289
174,2019-04-09 13:30:00,54.46200180053711,54.46200180053711,55.0,53.922000885009766,29520000,54.33000183105469
175,2019-04-10 13:30:00,55.21200180053711,55.21200180053711,55.67599868774414,54.577999114990234,35306500,55.347999572753906
176,2019-04-11 13:30:00,53.683998107910156,53.683998107910156,54.099998474121094,53.119998931884766,49179500,53.65999984741211
177,2019-04-12 13:30:00,53.540000915527344,53.540000915527344,54.38999938964844,53.36600112915039,33730000,54.04399871826172
178,2019-04-15 13:30:00,53.2760009765625,53.2760009765625,53.7760009765625,51.72600173950195,50193000,53.72600173950195
179,2019-04-16 13:30:00,54.672000885009766,54.672000885009766,55.0,52.944000244140625,36364500,53.150001525878906
180,2019-04-17 13:30:00,54.24599838256836,54.24599838256836,54.95800018310547,53.70800018310547,25632500,54.95000076293945
181,2019-04-18 13:30:00,54.652000427246094,54.652000427246094,54.96799850463867,53.95000076293945,29381500,54.24599838256836
182,2019-04-22 13:30:00,52.54999923706055,52.54999923706055,53.93600082397461,52.49599838256836,60735500,53.79999923706055
183,2019-04-23 13:30:00,52.779998779296875,52.779998779296875,53.119998931884766,51.150001525878906,54719500,52.029998779296875
184,2019-04-24 13:30:00,51.731998443603516,51.731998443603516,53.06399917602539,51.599998474121094,53637500,52.77000045776367
185,2019-04-25 13:30:00,49.5260009765625,49.5260009765625,51.79999923706055,49.2140007019043,109247000,51.0
186,2019-04-26 13:30:00,47.02799987792969,47.02799987792969,49.33599853515625,46.22600173950195,111803500,49.29999923706055
187,2019-04-29 13:30:00,48.29399871826172,48.29399871826172,48.79600143432617,46.433998107910156,83572500,47.172000885009766
188,2019-04-30 13:30:00,47.737998962402344,47.737998962402344,48.84199905395508,47.400001525878906,47323000,48.4119987487793
189,2019-05-01 13:30:00,46.801998138427734,46.801998138427734,48.0,46.29999923706055,53522000,47.77000045776367
190,2019-05-02 13:30:00,48.81999969482422,48.81999969482422,49.42599868774414,47.54399871826172,90796500,49.104000091552734
191,2019-05-03 13:30:00,51.00600051879883,51.00600051879883,51.321998596191406,48.698001861572266,118534000,48.77199935913086
192,2019-05-06 13:30:00,51.06800079345703,51.06800079345703,51.66999816894531,49.70000076293945,54169500,50.00400161743164
193,2019-05-07 13:30:00,49.4119987487793,49.4119987487793,51.44200134277344,49.02000045776367,50657000,51.36000061035156
194,2019-05-08 13:30:00,48.96799850463867,48.96799850463867,50.119998931884766,48.84000015258789,30882000,49.38800048828125
195,2019-05-09 13:30:00,48.395999908447266,48.395999908447266,48.736000061035156,47.38800048828125,33557000,48.400001525878906
196,2019-05-10 13:30:00,47.90399932861328,47.90399932861328,48.39799880981445,47.20399856567383,35041500,47.95000076293945
197,2019-05-13 13:30:00,45.402000427246094,45.402000427246094,46.49399948120117,44.900001525878906,54174000,46.402000427246094
198,2019-05-14 13:30:00,46.46200180053711,46.46200180053711,46.900001525878906,45.599998474121094,36262000,45.86000061035156
199,2019-05-15 13:30:00,46.38999938964844,46.38999938964844,46.487998962402344,45.04999923706055,36480000,45.86399841308594
200,2019-05-16 13:30:00,45.66600036621094,45.66600036621094,46.20000076293945,45.29999923706055,37416500,45.89799880981445
201,2019-05-17 13:30:00,42.20600128173828,42.20600128173828,44.448001861572266,41.784000396728516,88933500,44.391998291015625
202,2019-05-20 13:30:00,41.071998596191406,41.071998596191406,41.20000076293945,39.04999923706055,102631000,40.560001373291016
203,2019-05-21 13:30:00,41.01599884033203,41.01599884033203,41.47999954223633,39.20800018310547,90019500,39.551998138427734
204,2019-05-22 13:30:00,38.54600143432617,38.54600143432617,40.78799819946289,38.35599899291992,93426000,39.81999969482422
205,2019-05-23 13:30:00,39.097999572753906,39.097999572753906,39.89400100708008,37.24399948120117,132735500,38.86800003051758
206,2019-05-24 13:30:00,38.125999450683594,38.125999450683594,39.99599838256836,37.75,70683000,39.965999603271484
207,2019-05-28 13:30:00,37.7400016784668,37.7400016784668,39.0,37.56999969482422,51564500,38.2400016784668
208,2019-05-29 13:30:00,37.97200012207031,37.97200012207031,38.47800064086914,37.007999420166016,59843000,37.41999816894531
209,2019-05-30 13:30:00,37.64400100708008,37.64400100708008,38.45199966430664,37.40399932861328,39632500,37.75
210,2019-05-31 13:30:00,37.03200149536133,37.03200149536133,37.98400115966797,36.81999969482422,52033500,37.02000045776367
211,2019-06-03 13:30:00,35.79399871826172,35.79399871826172,37.33599853515625,35.39799880981445,65322000,37.10200119018555
212,2019-06-04 13:30:00,38.720001220703125,38.720001220703125,38.79600143432617,35.922000885009766,69037500,36.220001220703125
213,2019-06-05 13:30:00,39.31800079345703,39.31800079345703,40.25600051879883,38.369998931884766,67554000,39.736000061035156
214,2019-06-06 13:30:00,41.189998626708984,41.189998626708984,42.20000076293945,40.36000061035156,101211000,40.88800048828125
215,2019-06-07 13:30:00,40.900001525878906,40.900001525878906,42.167999267578125,40.70000076293945,80017500,41.0
216,2019-06-10 13:30:00,42.57600021362305,42.57600021362305,43.38800048828125,41.801998138427734,52925000,42.04999923706055
217,2019-06-11 13:30:00,43.41999816894531,43.41999816894531,44.18000030517578,42.70000076293945,58267500,43.827999114990234
218,2019-06-12 13:30:00,41.85200119018555,41.85200119018555,44.67599868774414,41.79999923706055,75987500,44.59000015258789
219,2019-06-13 13:30:00,42.78200149536133,42.78200149536133,42.97999954223633,41.50199890136719,40841500,42.07600021362305
220,2019-06-14 13:30:00,42.98400115966797,42.98400115966797,43.33000183105469,42.08000183105469,37167000,42.25
221,2019-06-17 13:30:00,45.00600051879883,45.00600051879883,45.400001525878906,42.854000091552734,61584000,43.09600067138672
222,2019-06-18 13:30:00,44.948001861572266,44.948001861572266,46.948001861572266,44.512001037597656,63579000,45.74399948120117
223,2019-06-19 13:30:00,45.2859992980957,45.2859992980957,45.55400085449219,44.21200180053711,32875500,45.02199935913086
224,2019-06-20 13:30:00,43.92399978637695,43.92399978637695,45.380001068115234,43.27000045776367,59317500,44.599998474121094
225,2019-06-21 13:30:00,44.37200164794922,44.37200164794922,44.43600082397461,43.099998474121094,41010500,43.24399948120117
226,2019-06-24 13:30:00,44.72800064086914,44.72800064086914,45.172000885009766,44.20399856567383,28754000,44.64799880981445
227,2019-06-25 13:30:00,43.95199966430664,43.95199966430664,45.06800079345703,43.89799880981445,30910500,44.87799835205078
228,2019-06-26 13:30:00,43.854000091552734,43.854000091552734,45.44599914550781,43.619998931884766,42536000,44.0620002746582
229,2019-06-27 13:30:00,44.56800079345703,44.56800079345703,44.58000183105469,43.470001220703125,31698500,43.88999938964844
230,2019-06-28 13:30:00,44.69200134277344,44.69200134277344,45.034000396728516,44.15999984741211,34257000,44.198001861572266
231,2019-07-01 13:30:00,45.433998107910156,45.433998107910156,46.619998931884766,45.25600051879883,41067000,46.04199981689453
232,2019-07-02 13:30:00,44.90999984741211,44.90999984741211,45.83000183105469,44.444000244140625,46295000,45.77799987792969
233,2019-07-03 13:30:00,46.97999954223633,46.97999954223633,48.31399917602539,46.902000427246094,71005500,47.87799835205078
234,2019-07-05 13:30:00,46.619998931884766,46.619998931884766,47.09000015258789,46.15999984741211,35328500,46.91400146484375
235,2019-07-08 13:30:00,46.06800079345703,46.06800079345703,46.45000076293945,45.731998443603516,29402500,46.24800109863281
236,2019-07-09 13:30:00,46.012001037597656,46.012001037597656,46.20000076293945,45.45600128173828,30954000,45.79399871826172
237,2019-07-10 13:30:00,47.784000396728516,47.784000396728516,47.78799819946289,46.62799835205078,45728500,46.83000183105469
238,2019-07-11 13:30:00,47.720001220703125,47.720001220703125,48.29999923706055,47.15999984741211,37572000,47.62799835205078
239,2019-07-12 13:30:00,49.01599884033203,49.01599884033203,49.07600021362305,47.94200134277344,46002500,47.95000076293945
240,2019-07-15 13:30:00,50.70000076293945,50.70000076293945,50.88399887084961,48.97200012207031,55000500,49.599998474121094
241,2019-07-16 13:30:00,50.47600173950195,50.47600173950195,50.70600128173828,49.58599853515625,40745000,49.86000061035156
242,2019-07-17 13:30:00,50.97200012207031,50.97200012207031,51.6619987487793,50.66999816894531,48823500,51.13399887084961
243,2019-07-18 13:30:00,50.70800018310547,50.70800018310547,51.150001525878906,50.37799835205078,23793000,51.0099983215332
244,2019-07-19 13:30:00,51.63600158691406,51.63600158691406,51.992000579833984,50.92399978637695,35242000,51.13800048828125
245,2019-07-22 13:30:00,51.13600158691406,51.13600158691406,52.43000030517578,50.8380012512207,34212000,51.75
246,2019-07-23 13:30:00,52.034000396728516,52.034000396728516,52.09600067138672,50.900001525878906,25115500,51.34199905395508
247,2019-07-24 13:30:00,52.97600173950195,52.97600173950195,53.2140007019043,51.63199996948242,55364000,51.83399963378906
248,2019-07-25 13:30:00,45.763999938964844,45.763999938964844,46.900001525878906,45.11000061035156,112091500,46.70000076293945
249,2019-07-26 13:30:00,45.608001708984375,45.608001708984375,46.051998138427734,44.45000076293945,50138500,45.38399887084961
250,2019-07-29 13:30:00,47.15399932861328,47.15399932861328,47.1879997253418,45.20600128173828,46366500,45.417999267578125
251,2019-07-30 13:30:00,48.45199966430664,48.45199966430664,48.672000885009766,46.43600082397461,40545000,46.58000183105469
252,2019-07-31 13:30:00,48.321998596191406,48.321998596191406,49.33599853515625,47.33000183105469,45891000,48.599998474121094
253,2019-08-01 13:30:00,46.77000045776367,46.77000045776367,48.902000427246094,46.354000091552734,41297500,48.529998779296875
254,2019-08-02 13:30:00,46.86800003051758,46.86800003051758,47.25400161743164,45.84600067138672,30682500,46.27000045776367
255,2019-08-05 13:30:00,45.66400146484375,45.66400146484375,46.27399826049805,45.15599822998047,35141500,45.91999816894531
256,2019-08-06 13:30:00,46.150001525878906,46.150001525878906,46.5,45.150001525878906,27821000,46.375999450683594
257,2019-08-07 13:30:00,46.683998107910156,46.683998107910156,46.7140007019043,45.15999984741211,23882500,45.29999923706055
258,2019-08-08 13:30:00,47.65999984741211,47.65999984741211,47.959999084472656,46.529998779296875,26371500,46.88999938964844
259,2019-08-09 13:30:00,47.00199890136719,47.00199890136719,47.79199981689453,46.762001037597656,19491000,47.209999084472656
260,2019-08-12 13:30:00,45.801998138427734,45.801998138427734,47.15399932861328,45.75,23319500,46.597999572753906
261,2019-08-13 13:30:00,47.0,47.0,47.20000076293945,45.5099983215332,24240500,45.762001037597656
262,2019-08-14 13:30:00,43.92399978637695,43.92399978637695,46.29999923706055,43.3380012512207,47813000,46.242000579833984
263,2019-08-15 13:30:00,43.12799835205078,43.12799835205078,44.3120002746582,42.310001373291016,40798000,44.172000885009766
264,2019-08-16 13:30:00,43.987998962402344,43.987998962402344,44.448001861572266,43.20399856567383,25492500,43.332000732421875
265,2019-08-19 13:30:00,45.36600112915039,45.36600112915039,45.566001892089844,44.34000015258789,26548000,44.84199905395508
266,2019-08-20 13:30:00,45.172000885009766,45.172000885009766,45.81800079345703,44.90800094604492,20626000,45.52399826049805
267,2019-08-21 13:30:00,44.16600036621094,44.16600036621094,44.64400100708008,43.52000045776367,38971500,44.402000427246094
268,2019-08-22 13:30:00,44.43000030517578,44.43000030517578,45.08000183105469,43.64400100708008,32795000,44.560001373291016
269,2019-08-23 13:30:00,42.279998779296875,42.279998779296875,44.23400115966797,42.20000076293945,42693000,43.99399948120117
270,2019-08-26 13:30:00,43.0,43.0,43.00400161743164,42.30799865722656,25259500,42.720001220703125
271,2019-08-27 13:30:00,42.816001892089844,42.816001892089844,43.7599983215332,42.40599822998047,27081000,43.14799880981445
272,2019-08-28 13:30:00,43.11800003051758,43.11800003051758,43.45000076293945,42.46200180053711,16127500,42.737998962402344
273,2019-08-29 13:30:00,44.34199905395508,44.34199905395508,44.68000030517578,43.599998474121094,25897500,43.79999923706055
274,2019-08-30 13:30:00,45.12200164794922,45.12200164794922,46.487998962402344,44.84199905395508,46603000,45.83000183105469
275,2019-09-03 13:30:00,45.00199890136719,45.00199890136719,45.790000915527344,44.63199996948242,26770500,44.816001892089844
276,2019-09-04 13:30:00,44.13600158691406,44.13600158691406,45.69200134277344,43.84199905395508,28805000,45.37799835205078
277,2019-09-05 13:30:00,45.91600036621094,45.91600036621094,45.959999084472656,44.16999816894531,36976500,44.5
278,2019-09-06 13:30:00,45.4900016784668,45.4900016784668,45.928001403808594,45.034000396728516,20947000,45.439998626708984
279,2019-09-09 13:30:00,46.358001708984375,46.358001708984375,46.75199890136719,45.84600067138672,24013500,46.0
280,2019-09-10 13:30:00,47.108001708984375,47.108001708984375,47.108001708984375,45.78799819946289,24418500,46.15999984741211
281,2019-09-11 13:30:00,49.41999816894531,49.41999816894531,49.63399887084961,47.20000076293945,50214000,47.47600173950195
282,2019-09-12 13:30:00,49.17399978637695,49.17399978637695,50.70000076293945,48.880001068115234,42906000,49.540000915527344
283,2019-09-13 13:30:00,49.040000915527344,49.040000915527344,49.689998626708984,48.9739990234375,26565500,49.391998291015625
284,2019-09-16 13:30:00,48.5620002746582,48.5620002746582,49.486000061035156,48.23400115966797,23640500,49.20000076293945
285,2019-09-17 13:30:00,48.95800018310547,48.95800018310547,49.119998931884766,48.07400131225586,19327000,48.49399948120117
286,2019-09-18 13:30:00,48.698001861572266,48.698001861572266,49.63399887084961,48.4739990234375,20851000,49.0
287,2019-09-19 13:30:00,49.31999969482422,49.31999969482422,49.5880012512207,48.96799850463867,23979000,49.20000076293945
288,2019-09-20 13:30:00,48.124000549316406,48.124000549316406,49.38999938964844,47.63199996948242,31765000,49.29800033569336
289,2019-09-23 13:30:00,48.24599838256836,48.24599838256836,49.0359992980957,47.84400177001953,21701000,48.0
290,2019-09-24 13:30:00,44.641998291015625,44.641998291015625,48.39799880981445,44.52199935913086,64457500,48.30400085449219
291,2019-09-25 13:30:00,45.7400016784668,45.7400016784668,45.79600143432617,43.672000885009766,47135500,44.9119987487793
292,2019-09-26 13:30:00,48.512001037597656,48.512001037597656,48.6619987487793,45.47999954223633,59422500,46.13199996948242
293,2019-09-27 13:30:00,48.42599868774414,48.42599868774414,49.742000579833984,47.74599838256836,55582000,48.439998626708984
294,2019-09-30 13:30:00,48.17399978637695,48.17399978637695,48.79600143432617,47.22200012207031,29399000,48.599998474121094
295,2019-10-01 13:30:00,48.9379997253418,48.9379997253418,49.189998626708984,47.82600021362305,30813000,48.29999923706055
296,2019-10-02 13:30:00,48.625999450683594,48.625999450683594,48.93000030517578,47.88600158691406,28157000,48.65800094604492
297,2019-10-03 13:30:00,46.60599899291992,46.60599899291992,46.895999908447266,44.85599899291992,75422500,46.37200164794922
298,2019-10-04 13:30:00,46.2859992980957,46.2859992980957,46.95600128173828,45.61399841308594,39975000,46.321998596191406
299,2019-10-07 13:30:00,47.54399871826172,47.54399871826172,47.71200180053711,45.709999084472656,40321000,45.959999084472656
300,2019-10-08 13:30:00,48.0099983215332,48.0099983215332,48.78799819946289,46.900001525878906,43391000,47.17399978637695
301,2019-10-09 13:30:00,48.90599822998047,48.90599822998047,49.459999084472656,48.130001068115234,34472000,48.263999938964844
302,2019-10-10 13:30:00,48.948001861572266,48.948001861572266,49.85599899291992,48.316001892089844,31416500,49.055999755859375
303,2019-10-11 13:30:00,49.577999114990234,49.577999114990234,50.215999603271484,49.36199951171875,42377000,49.43000030517578
304,2019-10-14 13:30:00,51.391998291015625,51.391998291015625,51.709999084472656,49.42599868774414,51025000,49.58000183105469
305,2019-10-15 13:30:00,51.577999114990234,51.577999114990234,52.0,50.82400131225586,32164000,51.540000915527344
306,2019-10-16 13:30:00,51.95000076293945,51.95000076293945,52.41999816894531,51.38399887084961,33420500,51.47800064086914
307,2019-10-17 13:30:00,52.39400100708008,52.39400100708008,52.95600128173828,52.034000396728516,23846500,52.5
308,2019-10-18 13:30:00,51.38999938964844,51.38999938964844,52.560001373291016,51.02000045776367,28749000,52.13999938964844
309,2019-10-21 13:30:00,50.70000076293945,50.70000076293945,51.900001525878906,50.0359992980957,25101500,51.66600036621094
310,2019-10-22 13:30:00,51.11600112915039,51.11600112915039,51.66600036621094,50.16999816894531,23004000,50.86399841308594
311,2019-10-23 13:30:00,50.93600082397461,50.93600082397461,51.22800064086914,50.27000045776367,26305500,50.900001525878906
312,2019-10-24 13:30:00,59.93600082397461,59.93600082397461,60.986000061035156,57.84000015258789,148604500,59.67399978637695
313,2019-10-25 13:30:00,65.6259994506836,65.6259994506836,66.0,59.22200012207031,150030500,59.54399871826172
314,2019-10-28 13:30:00,65.54199981689453,65.54199981689453,68.16799926757812,64.5199966430664,94351500,65.50800323486328
315,2019-10-29 13:30:00,63.24399948120117,63.24399948120117,64.86000061035156,62.95000076293945,63421500,63.99800109863281
316,2019-10-30 13:30:00,63.00199890136719,63.00199890136719,63.757999420166016,61.99399948120117,48209000,62.599998474121094
317,2019-10-31 13:30:00,62.98400115966797,62.98400115966797,63.79999923706055,62.599998474121094,25335000,62.619998931884766
318,2019-11-01 13:30:00,62.6619987487793,62.6619987487793,63.29600143432617,61.959999084472656,31919500,63.263999938964844
319,2019-11-04 14:30:00,63.49399948120117,63.49399948120117,64.38800048828125,61.85200119018555,43935000,62.959999084472656
320,2019-11-05 14:30:00,63.444000244140625,63.444000244140625,64.7020034790039,63.2239990234375,34717000,63.92399978637695
321,2019-11-06 14:30:00,65.31600189208984,65.31600189208984,65.34400177001953,62.900001525878906,39704500,63.599998474121094
322,2019-11-07 14:30:00,67.10800170898438,67.10800170898438,68.30000305175781,65.60399627685547,72336500,65.8280029296875
323,2019-11-08 14:30:00,67.4280014038086,67.4280014038086,67.49199676513672,66.5,30346000,66.9000015258789
324,2019-11-11 14:30:00,69.01799774169922,69.01799774169922,69.83799743652344,68.4000015258789,49933500,68.79000091552734
325,2019-11-12 14:30:00,69.98600006103516,69.98600006103516,70.0739974975586,68.80799865722656,36797000,69.37999725341797
326,2019-11-13 14:30:00,69.22200012207031,69.22200012207031,71.26599884033203,69.03600311279297,42100500,71.0
327,2019-11-14 14:30:00,69.87000274658203,69.87000274658203,70.76799774169922,68.58200073242188,32324500,69.22200012207031
328,2019-11-15 14:30:00,70.43399810791016,70.43399810791016,70.55999755859375,69.6719970703125,24045000,70.12799835205078
329,2019-11-18 14:30:00,69.99800109863281,69.99800109863281,70.62999725341797,69.22000122070312,22002000,70.58399963378906
330,2019-11-19 14:30:00,71.90399932861328,71.90399932861328,71.99800109863281,69.55999755859375,38624000,70.3499984741211
331,2019-11-20 14:30:00,70.44400024414062,70.44400024414062,72.23999786376953,69.91400146484375,33625500,72.0
332,2019-11-21 14:30:00,70.96600341796875,70.96600341796875,72.16799926757812,70.80000305175781,30550000,70.9020004272461
333,2019-11-22 14:30:00,66.60800170898438,66.60800170898438,68.19999694824219,66.0,84353000,68.03199768066406
334,2019-11-25 14:30:00,67.26799774169922,67.26799774169922,68.91400146484375,66.89199829101562,61697500,68.86399841308594
335,2019-11-26 14:30:00,65.78399658203125,65.78399658203125,67.0999984741211,65.41999816894531,39737000,67.05400085449219
336,2019-11-27 14:30:00,66.25800323486328,66.25800323486328,66.78600311279297,65.71399688720703,27778000,66.2239990234375
337,2019-11-29 14:30:00,65.98799896240234,65.98799896240234,66.25199890136719,65.5,12328000,66.22200012207031
338,2019-12-02 14:30:00,66.9739990234375,66.9739990234375,67.2760009765625,65.73799896240234,30372500,65.87999725341797
339,2019-12-03 14:30:00,67.23999786376953,67.23999786376953,67.58200073242188,66.43800354003906,32868500,66.52400207519531
340,2019-12-04 14:30:00,66.60600280761719,66.60600280761719,67.5719985961914,66.56999969482422,27665000,67.55000305175781
341,2019-12-05 14:30:00,66.0739974975586,66.0739974975586,66.88400268554688,65.44999694824219,18623000,66.56600189208984
342,2019-12-06 14:30:00,67.1780014038086,67.1780014038086,67.77200317382812,66.9540023803711,38062000,67.0
343,2019-12-09 14:30:00,67.90599822998047,67.90599822998047,68.88999938964844,67.01599884033203,45115500,67.31800079345703
344,2019-12-10 14:30:00,69.76799774169922,69.76799774169922,70.14600372314453,67.86199951171875,44141500,67.99199676513672
345,2019-12-11 14:30:00,70.54000091552734,70.54000091552734,71.43800354003906,70.21800231933594,34489000,70.3759994506836
346,2019-12-12 14:30:00,71.93599700927734,71.93599700927734,72.5479965209961,70.64600372314453,38819500,70.98400115966797
347,2019-12-13 14:30:00,71.6780014038086,71.6780014038086,73.04199981689453,70.9280014038086,32854500,72.20999908447266
348,2019-12-16 14:30:00,76.30000305175781,76.30000305175781,76.72200012207031,72.5,90871000,72.51000213623047
349,2019-12-17 14:30:00,75.7979965209961,75.7979965209961,77.0999984741211,75.18000030517578,42484000,75.7979965209961
350,2019-12-18 14:30:00,78.62999725341797,78.62999725341797,79.04399871826172,76.11599731445312,70605000,76.1259994506836
351,2019-12-19 14:30:00,80.80799865722656,80.80799865722656,81.37000274658203,79.30000305175781,90535500,79.46399688720703
352,2019-12-20 14:30:00,81.11799621582031,81.11799621582031,82.5999984741211,80.03800201416016,73763500,82.05799865722656
353,2019-12-23 14:30:00,83.84400177001953,83.84400177001953,84.4020004272461,82.0,66598000,82.35600280761719
354,2019-12-24 14:30:00,85.05000305175781,85.05000305175781,85.09400177001953,82.53800201416016,40273500,83.6719970703125
355,2019-12-26 14:30:00,86.18800354003906,86.18800354003906,86.69599914550781,85.2699966430664,53169500,85.58200073242188
356,2019-12-27 14:30:00,86.07599639892578,86.07599639892578,87.06199645996094,85.22200012207031,49728500,87.0
357,2019-12-30 14:30:00,82.94000244140625,82.94000244140625,85.80000305175781,81.85199737548828,62932000,85.75800323486328
358,2019-12-31 14:30:00,83.66600036621094,83.66600036621094,84.25800323486328,80.41600036621094,51428500,81.0
359,2020-01-02 14:30:00,86.052001953125,86.052001953125,86.13999938964844,84.34200286865234,47660500,84.9000015258789
360,2020-01-03 14:30:00,88.60199737548828,88.60199737548828,90.80000305175781,87.38400268554688,88892500,88.0999984741211
361,2020-01-06 14:30:00,90.30799865722656,90.30799865722656,90.31199645996094,88.0,50665000,88.09400177001953
362,2020-01-07 14:30:00,93.81199645996094,93.81199645996094,94.32599639892578,90.6719970703125,89410500,92.27999877929688
363,2020-01-08 14:30:00,98.4280014038086,98.4280014038086,99.697998046875,93.64600372314453,155721500,94.73999786376953
364,2020-01-09 14:30:00,96.26799774169922,96.26799774169922,99.76000213623047,94.5739974975586,142202000,99.41999816894531
365,2020-01-10 14:30:00,95.62999725341797,95.62999725341797,96.98799896240234,94.73999786376953,64797500,96.35800170898438
366,2020-01-13 14:30:00,104.97200012207031,104.97200012207031,105.1259994506836,98.4000015258789,132588000,98.69999694824219
367,2020-01-14 14:30:00,107.58399963378906,107.58399963378906,109.48200225830078,104.9800033569336,144981000,108.85199737548828
368,2020-01-15 14:30:00,103.69999694824219,103.69999694824219,107.56800079345703,103.35800170898438,86844000,105.9520034790039
369,2020-01-16 14:30:00,102.697998046875,102.697998046875,102.89199829101562,98.43399810791016,108683500,98.75
370,2020-01-17 14:30:00,102.0999984741211,102.0999984741211,103.13400268554688,100.63200378417969,68145500,101.52200317382812
371,2020-01-21 14:30:00,109.44000244140625,109.44000244140625,109.71600341796875,105.68199920654297,89017500,106.05000305175781
372,2020-01-22 14:30:00,113.91200256347656,113.91200256347656,118.9000015258789,111.81999969482422,156845000,114.37799835205078
373,2020-01-23 14:30:00,114.44000244140625,114.44000244140625,116.4000015258789,111.12000274658203,98255000,112.8499984741211
374,2020-01-24 14:30:00,112.96399688720703,112.96399688720703,114.77200317382812,110.85199737548828,71768000,114.1259994506836
375,2020-01-27 14:30:00,111.60399627685547,111.60399627685547,112.88800048828125,107.85600280761719,68040500,108.39800262451172
376,2020-01-28 14:30:00,113.37999725341797,113.37999725341797,115.36199951171875,111.61599731445312,58942500,113.697998046875
377,2020-01-29 14:30:00,116.197998046875,116.197998046875,117.95999908447266,113.48600006103516,89007500,115.13800048828125
378,2020-01-30 14:30:00,128.16200256347656,128.16200256347656,130.17599487304688,123.5999984741211,145028500,126.48400115966797
379,2020-01-31 14:30:00,130.11399841308594,130.11399841308594,130.60000610351562,126.50399780273438,78596500,128.0
380,2020-02-03 14:30:00,156.0,156.0,157.22799682617188,134.70399475097656,235325000,134.73800659179688
381,2020-02-04 14:30:00,177.41200256347656,177.41200256347656,193.79800415039062,166.7760009765625,304694000,176.5919952392578
382,2020-02-05 14:30:00,146.94000244140625,146.94000244140625,169.1959991455078,140.82200622558594,242119000,164.65199279785156
383,2020-02-06 14:30:00,149.79200744628906,149.79200744628906,159.16600036621094,137.39999389648438,199404000,139.98399353027344
384,2020-02-07 14:30:00,149.61399841308594,149.61399841308594,153.9499969482422,146.0,85317500,146.11000061035156
385,2020-02-10 14:30:00,154.25599670410156,154.25599670410156,163.9980010986328,150.47999572753906,123446000,160.0
386,2020-02-11 14:30:00,154.87600708007812,154.87600708007812,156.70199584960938,151.60000610351562,58487500,153.75799560546875
387,2020-02-12 14:30:00,153.45799255371094,153.45799255371094,157.9499969482422,152.6739959716797,60112500,155.57400512695312
388,2020-02-13 14:30:00,160.8000030517578,160.8000030517578,163.60000610351562,147.0,131446500,148.3679962158203
389,2020-02-14 14:30:00,160.00599670410156,160.00599670410156,162.593994140625,157.10000610351562,78468500,157.44400024414062
390,2020-02-18 14:30:00,171.67999267578125,171.67999267578125,172.0,166.4720001220703,81908500,168.32000732421875
391,2020-02-19 14:30:00,183.48399353027344,183.48399353027344,188.95599365234375,180.20399475097656,127115000,184.6999969482422
392,2020-02-20 14:30:00,179.8820037841797,179.8820037841797,182.39999389648438,171.98800659179688,88174500,182.38999938964844
393,2020-02-21 14:30:00,180.1999969482422,180.1999969482422,182.61199951171875,176.08999633789062,71574000,181.39599609375
394,2020-02-24 14:30:00,166.75799560546875,166.75799560546875,172.6999969482422,164.44000244140625,75961000,167.8000030517578
395,2020-02-25 14:30:00,159.98199462890625,159.98199462890625,171.32000732421875,157.39999389648438,86452500,169.8000030517578
396,2020-02-26 14:30:00,155.75999450683594,155.75999450683594,162.66200256347656,155.2220001220703,70427500,156.5
397,2020-02-27 14:30:00,135.8000030517578,135.8000030517578,147.95399475097656,133.8000030517578,121386000,146.0
398,2020-02-28 14:30:00,133.59800720214844,133.59800720214844,138.10400390625,122.30400085449219,121114500,125.94000244140625
399,2020-03-02 14:30:00,148.7239990234375,148.7239990234375,148.73800659179688,137.33399963378906,100975000,142.2519989013672
400,2020-03-03 14:30:00,149.1020050048828,149.1020050048828,161.39599609375,143.2220001220703,128920000,161.0
401,2020-03-04 14:30:00,149.89999389648438,149.89999389648438,153.3040008544922,144.9459991455078,75245000,152.79200744628906
402,2020-03-05 14:30:00,144.9080047607422,144.9080047607422,149.14999389648438,143.61399841308594,54263500,144.75399780273438
403,2020-03-06 14:30:00,140.6959991455078,140.6959991455078,141.39999389648438,136.85400390625,63314500,138.0
404,2020-03-09 13:30:00,121.5999984741211,121.5999984741211,132.60000610351562,121.0,85368500,121.0780029296875
405,2020-03-10 13:30:00,129.0659942626953,129.0659942626953,133.60000610351562,121.5999984741211,77972000,131.88600158691406
406,2020-03-11 13:30:00,126.84600067138672,126.84600067138672,130.71600341796875,122.5999984741211,66612500,128.0399932861328
407,2020-03-12 13:30:00,112.11000061035156,112.11000061035156,118.9000015258789,109.25,94545500,116.1780014038086
408,2020-03-13 13:30:00,109.3239974975586,109.3239974975586,121.51399993896484,100.4000015258789,113201500,119.0
409,2020-03-16 13:30:00,89.01399993896484,89.01399993896484,98.9739990234375,88.43399810791016,102447500,93.9000015258789
410,2020-03-17 13:30:00,86.04000091552734,86.04000091552734,94.37000274658203,79.19999694824219,119973000,88.00199890136719
411,2020-03-18 13:30:00,72.24400329589844,72.24400329589844,80.97200012207031,70.10199737548828,118931000,77.80000305175781
412,2020-03-19 13:30:00,85.52799987792969,85.52799987792969,90.4000015258789,71.69200134277344,150977500,74.94000244140625
413,2020-03-20 13:30:00,85.50599670410156,85.50599670410156,95.4000015258789,85.15799713134766,141427500,87.63999938964844
414,2020-03-23 13:30:00,86.85800170898438,86.85800170898438,88.4000015258789,82.0999984741211,82272500,86.72000122070312
415,2020-03-24 13:30:00,101.0,101.0,102.73799896240234,94.80000305175781,114476000,95.45999908447266
416,2020-03-25 13:30:00,107.8499984741211,107.8499984741211,111.4000015258789,102.22200012207031,106113500,109.05000305175781
417,2020-03-26 13:30:00,105.63200378417969,105.63200378417969,112.0,102.44999694824219,86903500,109.47799682617188
418,2020-03-27 13:30:00,102.87200164794922,102.87200164794922,105.16000366210938,98.80599975585938,71887000,101.0
419,2020-03-30 13:30:00,100.4260025024414,100.4260025024414,103.33000183105469,98.24600219726562,59990500,102.052001953125
420,2020-03-31 13:30:00,104.80000305175781,104.80000305175781,108.59200286865234,99.4000015258789,88857500,100.25
421,2020-04-01 13:30:00,96.31199645996094,96.31199645996094,102.79000091552734,95.0199966430664,66766000,100.80000305175781
422,2020-04-02 13:30:00,90.89399719238281,90.89399719238281,98.85199737548828,89.27999877929688,99292000,96.20600128173828
423,2020-04-03 13:30:00,96.00199890136719,96.00199890136719,103.0979995727539,93.6780014038086,112810500,101.9000015258789
424,2020-04-06 13:30:00,103.24800109863281,103.24800109863281,104.19999694824219,99.59200286865234,74509000,102.23999786376953
425,2020-04-07 13:30:00,109.08999633789062,109.08999633789062,113.0,106.46800231933594,89599000,109.0
426,2020-04-08 13:30:00,109.76799774169922,109.76799774169922,111.44200134277344,106.66600036621094,63280000,110.83999633789062
427,2020-04-09 13:30:00,114.5999984741211,114.5999984741211,115.03600311279297,111.4219970703125,68250000,112.41799926757812
428,2020-04-13 13:30:00,130.19000244140625,130.19000244140625,130.39999389648438,116.10600280761719,112377000,118.03199768066406
429,2020-04-14 13:30:00,141.97799682617188,141.97799682617188,148.37600708007812,138.48599243164062,152882500,139.79400634765625
430,2020-04-15 13:30:00,145.96600341796875,145.96600341796875,150.62600708007812,142.0,117885000,148.39999389648438
431,2020-04-16 13:30:00,149.04200744628906,149.04200744628906,151.88999938964844,141.343994140625,103289500,143.38800048828125
432,2020-04-17 13:30:00,150.7779998779297,150.7779998779297,154.99000549316406,149.53199768066406,65641000,154.45599365234375
433,2020-04-20 13:30:00,149.27200317382812,149.27200317382812,153.11399841308594,142.44200134277344,73733000,146.5399932861328
434,2020-04-21 13:30:00,137.343994140625,137.343994140625,150.66600036621094,134.75799560546875,101045500,146.0240020751953
435,2020-04-22 13:30:00,146.4219970703125,146.4219970703125,146.8000030517578,137.74200439453125,70827500,140.79600524902344
436,2020-04-23 13:30:00,141.12600708007812,141.12600708007812,146.8000030517578,140.62600708007812,66183500,145.52000427246094
437,2020-04-24 13:30:00,145.02999877929688,145.02999877929688,146.14599609375,139.63600158691406,66060000,142.16200256347656
438,2020-04-27 13:30:00,159.75,159.75,159.8979949951172,147.0,103407000,147.52200317382812
439,2020-04-28 13:30:00,153.82400512695312,153.82400512695312,161.0,151.33799743652344,76110000,159.1280059814453
440,2020-04-29 13:30:00,160.1020050048828,160.1020050048828,160.63999938964844,156.6320037841797,81080000,158.03399658203125
441,2020-04-30 13:30:00,156.37600708007812,156.37600708007812,173.96400451660156,152.6999969482422,142359500,171.03799438476562
442,2020-05-01 13:30:00,140.26400756835938,140.26400756835938,154.5540008544922,136.60800170898438,162659000,151.0
443,2020-05-04 13:30:00,152.23800659179688,152.23800659179688,152.39999389648438,139.60000610351562,96185500,140.1999969482422
444,2020-05-05 13:30:00,153.64199829101562,153.64199829101562,159.78399658203125,152.43600463867188,84958500,157.95799255371094
445,2020-05-06 13:30:00,156.51600646972656,156.51600646972656,157.9600067138672,152.2220001220703,55616000,155.3000030517578
446,2020-05-07 13:30:00,156.00799560546875,156.00799560546875,159.27999877929688,154.47000122070312,57638500,155.44200134277344
447,2020-05-08 13:30:00,163.88400268554688,163.88400268554688,164.8000030517578,157.40199279785156,80432500,158.75399780273438
448,2020-05-11 13:30:00,162.25799560546875,162.25799560546875,164.8000030517578,157.0,82598000,158.1020050048828
449,2020-05-12 13:30:00,161.8820037841797,161.8820037841797,168.6580047607422,161.60000610351562,79534500,165.39999389648438
450,2020-05-13 13:30:00,158.19200134277344,158.19200134277344,165.1999969482422,152.66000366210938,95327500,164.16600036621094
451,2020-05-14 13:30:00,160.66600036621094,160.66600036621094,160.6719970703125,152.8000030517578,68411000,156.0
452,2020-05-15 13:30:00,159.83399963378906,159.83399963378906,161.00999450683594,157.30999755859375,52592000,158.07000732421875
453,2020-05-18 13:30:00,162.7259979248047,162.7259979248047,166.94400024414062,160.7760009765625,58329000,165.55599975585938
454,2020-05-19 13:30:00,161.6020050048828,161.6020050048828,164.41400146484375,161.21600341796875,48182500,163.03399658203125
455,2020-05-20 13:30:00,163.11199951171875,163.11199951171875,165.1999969482422,162.36000061035156,36546500,164.10000610351562
456,2020-05-21 13:30:00,165.52000427246094,165.52000427246094,166.5,159.1999969482422,61273000,163.1999969482422
457,2020-05-22 13:30:00,163.37600708007812,163.37600708007812,166.3560028076172,162.39999389648438,49937500,164.4340057373047
458,2020-05-26 13:30:00,163.7740020751953,163.7740020751953,166.9199981689453,163.14199829101562,40448500,166.89999389648438
459,2020-05-27 13:30:00,164.04600524902344,164.04600524902344,165.54200744628906,157.0,57747500,164.1719970703125
460,2020-05-28 13:30:00,161.16200256347656,161.16200256347656,164.9499969482422,160.33799743652344,36278000,162.70199584960938
461,2020-05-29 13:30:00,167.0,167.0,167.0,160.8419952392578,58822500,161.75
462,2020-06-01 13:30:00,179.6199951171875,179.6199951171875,179.8000030517578,170.82000732421875,74697500,171.60000610351562
463,2020-06-02 13:30:00,176.31199645996094,176.31199645996094,181.73199462890625,174.1999969482422,67828000,178.94000244140625
464,2020-06-03 13:30:00,176.5919952392578,176.5919952392578,179.58799743652344,176.02000427246094,39747500,177.62399291992188
465,2020-06-04 13:30:00,172.87600708007812,172.87600708007812,179.14999389648438,171.68800354003906,44438500,177.9759979248047
466,2020-06-05 13:30:00,177.1320037841797,177.1320037841797,177.3040008544922,173.24000549316406,39059500,175.5679931640625
467,2020-06-08 13:30:00,189.98399353027344,189.98399353027344,190.0,181.83200073242188,70873500,183.8000030517578
468,2020-06-09 13:30:00,188.13400268554688,188.13400268554688,190.88800048828125,184.78599548339844,56941000,188.0019989013672
469,2020-06-10 13:30:00,205.00999450683594,205.00999450683594,205.49600219726562,196.5,92817000,198.37600708007812
470,2020-06-11 13:30:00,194.5679931640625,194.5679931640625,203.79200744628906,194.39999389648438,79582500,198.0399932861328
471,2020-06-12 13:30:00,187.05599975585938,187.05599975585938,197.5959930419922,182.52000427246094,83817000,196.0
472,2020-06-15 13:30:00,198.17999267578125,198.17999267578125,199.76800537109375,181.6999969482422,78486000,183.55799865722656
473,2020-06-16 13:30:00,196.42599487304688,196.42599487304688,202.5760040283203,192.47799682617188,70255500,202.3699951171875
474,2020-06-17 13:30:00,198.35800170898438,198.35800170898438,201.0,196.51400756835938,49454000,197.54200744628906
475,2020-06-18 13:30:00,200.79200744628906,200.79200744628906,203.83999633789062,198.8939971923828,48759500,200.60000610351562
476,2020-06-19 13:30:00,200.17999267578125,200.17999267578125,203.19400024414062,198.26800537109375,43398500,202.55599975585938
477,2020-06-22 13:30:00,198.86399841308594,198.86399841308594,201.7760009765625,198.00399780273438,31812000,199.99000549316406
478,2020-06-23 13:30:00,200.3560028076172,200.3560028076172,202.39999389648438,198.802001953125,31826500,199.7760009765625
479,2020-06-24 13:30:00,192.1699981689453,192.1699981689453,200.17599487304688,190.6280059814453,54798000,198.82200622558594
480,2020-06-25 13:30:00,197.1959991455078,197.1959991455078,197.1959991455078,187.42999267578125,46272500,190.85400390625
481,2020-06-26 13:30:00,191.947998046875,191.947998046875,199.0,190.9739990234375,44274500,198.95599365234375
482,2020-06-29 13:30:00,201.8699951171875,201.8699951171875,202.0,189.70399475097656,45132000,193.802001953125
483,2020-06-30 13:30:00,215.96200561523438,215.96200561523438,217.53799438476562,200.74600219726562,84592500,201.3000030517578
484,2020-07-01 13:30:00,223.92599487304688,223.92599487304688,227.0659942626953,216.10000610351562,66634500,216.60000610351562
485,2020-07-02 13:30:00,241.73199462890625,241.73199462890625,245.60000610351562,237.1199951171875,86250500,244.29600524902344
486,2020-07-06 13:30:00,274.3160095214844,274.3160095214844,275.5580139160156,253.20799255371094,102849500,255.33799743652344
487,2020-07-07 13:30:00,277.97198486328125,277.97198486328125,285.8999938964844,267.3420104980469,107448500,281.00201416015625
488,2020-07-08 13:30:00,273.1759948730469,273.1759948730469,283.4519958496094,262.26800537109375,81556500,281.0
489,2020-07-09 13:30:00,278.8559875488281,278.8559875488281,281.7120056152344,270.2560119628906,58588000,279.39801025390625
490,2020-07-10 13:30:00,308.92999267578125,308.92999267578125,309.78399658203125,275.2019958496094,116688000,279.20001220703125
491,2020-07-13 13:30:00,299.4119873046875,299.4119873046875,358.99798583984375,294.22198486328125,194927000,331.79998779296875
492,2020-07-14 13:30:00,303.3599853515625,303.3599853515625,318.0,286.20001220703125,117090500,311.20001220703125
493,2020-07-15 13:30:00,309.2019958496094,309.2019958496094,310.0,291.3999938964844,81839000,308.6000061035156
494,2020-07-16 13:30:00,300.12799072265625,300.12799072265625,306.3420104980469,293.20001220703125,71504000,295.4320068359375
495,2020-07-17 13:30:00,300.1679992675781,300.1679992675781,307.50201416015625,298.0,46650000,302.69000244140625
496,2020-07-20 13:30:00,328.6000061035156,328.6000061035156,330.0,297.6000061035156,85607000,303.802001953125
497,2020-07-21 13:30:00,313.6719970703125,313.6719970703125,335.0,311.6000061035156,80536000,327.9859924316406
498,2020-07-22 13:30:00,318.46600341796875,318.46600341796875,325.28399658203125,312.3999938964844,70805500,319.79998779296875
499,2020-07-23 13:30:00,302.614013671875,302.614013671875,337.79998779296875,296.15399169921875,121642500,335.7900085449219
500,2020-07-24 13:30:00,283.3999938964844,283.3999938964844,293.0,273.3080139160156,96983000,283.2019958496094
501,2020-07-27 13:30:00,307.9200134277344,307.9200134277344,309.5880126953125,282.6000061035156,80243500,287.0
502,2020-07-28 13:30:00,295.2980041503906,295.2980041503906,312.94000244140625,294.8840026855469,79043500,300.79998779296875
503,2020-07-29 13:30:00,299.8219909667969,299.8219909667969,306.9620056152344,297.3999938964844,47134500,300.20001220703125
504,2020-07-30 13:30:00,297.49798583984375,297.49798583984375,302.64801025390625,294.20001220703125,38105000,297.6000061035156
505,2020-07-31 13:30:00,286.1520080566406,286.1520080566406,303.4100036621094,284.1960144042969,61041000,303.0
506,2020-08-03 13:30:00,297.0,297.0,301.9620056152344,288.8760070800781,44046500,289.8399963378906
507,2020-08-04 13:30:00,297.3999938964844,297.3999938964844,305.48199462890625,292.3999938964844,42075000,299.00201416015625
508,2020-08-05 13:30:00,297.0039978027344,297.0039978027344,299.9679870605469,293.6619873046875,24739000,298.5979919433594
509,2020-08-06 13:30:00,297.9159851074219,297.9159851074219,303.4620056152344,295.4519958496094,29961500,298.1659851074219
510,2020-08-07 13:30:00,290.5419921875,290.5419921875,299.95001220703125,283.00201416015625,44482000,299.9079895019531
511,2020-08-10 13:30:00,283.7139892578125,283.7139892578125,291.5,277.1679992675781,37611500,289.6000061035156
512,2020-08-11 13:30:00,274.87799072265625,274.87799072265625,284.0,273.0,43129000,279.20001220703125
513,2020-08-12 13:30:00,310.9519958496094,310.9519958496094,317.0,287.0,109147000,294.0
514,2020-08-13 13:30:00,324.20001220703125,324.20001220703125,330.2359924316406,313.4519958496094,102126500,322.20001220703125
515,2020-08-14 13:30:00,330.1419982910156,330.1419982910156,333.760009765625,325.3280029296875,62888000,332.99798583984375
516,2020-08-17 13:30:00,367.12799072265625,367.12799072265625,369.1719970703125,334.5660095214844,101211500,335.3999938964844
517,2020-08-18 13:30:00,377.4179992675781,377.4179992675781,384.7799987792969,369.0220031738281,82372500,379.7980041503906
518,2020-08-19 13:30:00,375.70599365234375,375.70599365234375,382.20001220703125,368.24200439453125,61026500,373.0
519,2020-08-20 13:30:00,400.3659973144531,400.3659973144531,404.39801025390625,371.4119873046875,103059000,372.135986328125
520,2020-08-21 13:30:00,409.9960021972656,409.9960021972656,419.0979919433594,405.010009765625,107448000,408.9519958496094
521,2020-08-24 13:30:00,402.8399963378906,402.8399963378906,425.79998779296875,385.5039978027344,100318000,425.2560119628906
522,2020-08-25 13:30:00,404.6679992675781,404.6679992675781,405.5899963378906,393.6000061035156,53294500,394.9779968261719
523,2020-08-26 13:30:00,430.6340026855469,430.6340026855469,433.20001220703125,410.72601318359375,71197000,412.0
524,2020-08-27 13:30:00,447.75,447.75,459.1199951171875,428.5,118465000,436.0920104980469
525,2020-08-28 13:30:00,442.67999267578125,442.67999267578125,463.697998046875,437.3039855957031,100406000,459.02398681640625
526,2020-08-31 13:30:00,498.32000732421875,498.32000732421875,500.1400146484375,440.1099853515625,118374400,444.6099853515625
527,2020-09-01 13:30:00,475.04998779296875,475.04998779296875,502.489990234375,470.510009765625,89841100,502.1400146484375
528,2020-09-02 13:30:00,447.3699951171875,447.3699951171875,479.0400085449219,405.1199951171875,96176100,478.989990234375
529,2020-09-03 13:30:00,407.0,407.0,431.79998779296875,402.0,87596100,407.2300109863281
530,2020-09-04 13:30:00,418.32000732421875,418.32000732421875,428.0,372.0199890136719,110321900,402.80999755859375
531,2020-09-08 13:30:00,330.2099914550781,330.2099914550781,368.739990234375,329.8800048828125,115465700,356.0
532,2020-09-09 13:30:00,366.2799987792969,366.2799987792969,369.0,341.510009765625,79465800,356.6000061035156
533,2020-09-10 13:30:00,371.3399963378906,371.3399963378906,398.989990234375,360.55999755859375,84930600,386.2099914550781
534,2020-09-11 13:30:00,372.7200012207031,372.7200012207031,382.5,360.5,60717500,381.94000244140625
535,2020-09-14 13:30:00,419.6199951171875,419.6199951171875,420.0,373.29998779296875,83020600,380.95001220703125
536,2020-09-15 13:30:00,449.760009765625,449.760009765625,461.94000244140625,430.70001220703125,97298200,436.55999755859375
537,2020-09-16 13:30:00,441.760009765625,441.760009765625,457.7900085449219,435.30999755859375,72279300,439.8699951171875
538,2020-09-17 13:30:00,423.42999267578125,423.42999267578125,437.7900085449219,408.0,76779200,415.6000061035156
539,2020-09-18 13:30:00,442.1499938964844,442.1499938964844,451.0,428.79998779296875,86406800,447.94000244140625
540,2020-09-21 13:30:00,449.3900146484375,449.3900146484375,455.67999267578125,407.07000732421875,109476800,453.1300048828125
541,2020-09-22 13:30:00,424.2300109863281,424.2300109863281,437.760009765625,417.6000061035156,79580800,429.6000061035156
542,2020-09-23 13:30:00,380.3599853515625,380.3599853515625,412.1499938964844,375.8800048828125,95074200,405.1600036621094
543,2020-09-24 13:30:00,387.7900085449219,387.7900085449219,399.5,351.29998779296875,96561100,363.79998779296875
544,2020-09-25 13:30:00,407.3399963378906,407.3399963378906,408.7300109863281,391.29998779296875,67208500,393.4700012207031
545,2020-09-28 13:30:00,421.20001220703125,421.20001220703125,428.0799865722656,415.54998779296875,49719600,424.6199951171875
546,2020-09-29 13:30:00,419.07000732421875,419.07000732421875,428.5,411.6000061035156,50219300,416.0
547,2020-09-30 13:30:00,429.010009765625,429.010009765625,433.92999267578125,420.4700012207031,48145600,421.32000732421875
548,2020-10-01 13:30:00,448.1600036621094,448.1600036621094,448.8800048828125,434.4200134277344,50741500,440.760009765625
549,2020-10-02 13:30:00,415.0899963378906,415.0899963378906,439.1300048828125,415.0,71430000,421.3900146484375
550,2020-10-05 13:30:00,425.67999267578125,425.67999267578125,433.6400146484375,419.3299865722656,44722800,423.3500061035156
551,2020-10-06 13:30:00,413.9800109863281,413.9800109863281,428.7799987792969,406.04998779296875,49146300,423.7900085449219
552,2020-10-07 13:30:00,425.29998779296875,425.29998779296875,429.8999938964844,413.8500061035156,43127700,419.8699951171875
553,2020-10-08 13:30:00,425.9200134277344,425.9200134277344,439.0,425.29998779296875,40421100,438.44000244140625
554,2020-10-09 13:30:00,434.0,434.0,434.5899963378906,426.4599914550781,28925700,430.1300048828125
555,2020-10-12 13:30:00,442.29998779296875,442.29998779296875,448.739990234375,438.5799865722656,38791100,442.0
556,2020-10-13 13:30:00,446.6499938964844,446.6499938964844,448.8900146484375,436.6000061035156,34463700,443.3500061035156
557,2020-10-14 13:30:00,461.29998779296875,461.29998779296875,465.8999938964844,447.3500061035156,47879700,449.7799987792969
558,2020-10-15 13:30:00,448.8800048828125,448.8800048828125,456.57000732421875,442.5,35672400,450.30999755859375
559,2020-10-16 13:30:00,439.6700134277344,439.6700134277344,455.95001220703125,438.8500061035156,32775900,454.44000244140625
560,2020-10-19 13:30:00,430.8299865722656,430.8299865722656,447.0,428.8699951171875,36287800,446.239990234375
561,2020-10-20 13:30:00,421.94000244140625,421.94000244140625,431.75,419.04998779296875,31656300,431.75
562,2020-10-21 13:30:00,422.6400146484375,422.6400146484375,432.95001220703125,421.25,32370500,422.70001220703125
563,2020-10-22 13:30:00,425.7900085449219,425.7900085449219,445.2300109863281,424.510009765625,39993200,441.9200134277344
564,2020-10-23 13:30:00,420.6300048828125,420.6300048828125,422.8900146484375,407.3800048828125,33717000,421.8399963378906
565,2020-10-26 13:30:00,420.2799987792969,420.2799987792969,425.760009765625,410.0,28239200,411.6300048828125
566,2020-10-27 13:30:00,424.67999267578125,424.67999267578125,430.5,420.1000061035156,22686500,423.760009765625
567,2020-10-28 13:30:00,406.0199890136719,406.0199890136719,418.6000061035156,406.0,25451400,416.4800109863281
568,2020-10-29 13:30:00,410.8299865722656,410.8299865722656,418.05999755859375,406.4599914550781,22655300,409.9599914550781
569,2020-10-30 13:30:00,388.0400085449219,388.0400085449219,407.5899963378906,379.1099853515625,42511300,406.8999938964844
570,2020-11-02 14:30:00,400.510009765625,400.510009765625,406.9800109863281,392.29998779296875,29021100,394.0
571,2020-11-03 14:30:00,423.8999938964844,423.8999938964844,427.7699890136719,406.69000244140625,34351700,409.7300109863281
572,2020-11-04 14:30:00,420.9800109863281,420.9800109863281,435.3999938964844,417.1000061035156,32143100,430.6199951171875
573,2020-11-05 14:30:00,438.0899963378906,438.0899963378906,440.0,424.0,28414500,428.29998779296875
574,2020-11-06 14:30:00,429.95001220703125,429.95001220703125,436.57000732421875,424.2799987792969,21706000,436.1000061035156
575,2020-11-09 14:30:00,421.260009765625,421.260009765625,452.5,421.0,34833000,439.5
576,2020-11-10 14:30:00,410.3599853515625,410.3599853515625,420.0899963378906,396.0299987792969,30284200,420.0899963378906
577,2020-11-11 14:30:00,417.1300048828125,417.1300048828125,418.70001220703125,410.5799865722656,17357700,416.45001220703125
578,2020-11-12 14:30:00,411.760009765625,411.760009765625,423.0,409.5199890136719,19855100,415.04998779296875
579,2020-11-13 14:30:00,408.5,408.5,412.5299987792969,401.6600036621094,19771100,410.8500061035156
580,2020-11-16 14:30:00,408.0899963378906,408.0899963378906,412.45001220703125,404.0899963378906,26838600,408.92999267578125
581,2020-11-17 14:30:00,441.6099853515625,441.6099853515625,462.0,433.010009765625,61188300,460.1700134277344
582,2020-11-18 14:30:00,486.6400146484375,486.6400146484375,496.0,443.5,78044000,448.3500061035156
583,2020-11-19 14:30:00,499.2699890136719,499.2699890136719,508.6099853515625,487.57000732421875,62475300,492.0
584,2020-11-20 14:30:00,489.6099853515625,489.6099853515625,502.5,489.05999755859375,32911900,497.989990234375
585,2020-11-23 14:30:00,521.8499755859375,521.8499755859375,526.0,501.7900085449219,50260300,503.5
586,2020-11-24 14:30:00,555.3800048828125,555.3800048828125,559.989990234375,526.2000122070312,53648500,540.4000244140625
587,2020-11-25 14:30:00,574.0,574.0,574.0,545.3699951171875,48930200,550.0599975585938
588,2020-11-27 14:30:00,585.760009765625,585.760009765625,598.780029296875,578.4500122070312,37561100,581.1599731445312
589,2020-11-30 14:30:00,567.5999755859375,567.5999755859375,607.7999877929688,554.510009765625,63003100,602.2100219726562
590,2020-12-01 14:30:00,584.760009765625,584.760009765625,597.8499755859375,572.0499877929688,40103500,597.5900268554688
591,2020-12-02 14:30:00,568.8200073242188,568.8200073242188,571.5399780273438,541.2100219726562,47775700,556.4400024414062
592,2020-12-03 14:30:00,593.3800048828125,593.3800048828125,598.969970703125,582.4299926757812,42552000,590.02001953125
593,2020-12-04 14:30:00,599.0399780273438,599.0399780273438,599.0399780273438,585.5,29401300,591.010009765625
594,2020-12-07 14:30:00,641.760009765625,641.760009765625,648.7899780273438,603.0499877929688,56309700,604.9199829101562
595,2020-12-08 14:30:00,649.8800048828125,649.8800048828125,651.280029296875,618.5,64265000,625.510009765625
596,2020-12-09 14:30:00,604.47998046875,604.47998046875,654.3200073242188,588.0,71291200,653.6900024414062
597,2020-12-10 14:30:00,627.0700073242188,627.0700073242188,627.75,566.3400268554688,67083200,574.3699951171875
598,2020-12-11 14:30:00,609.989990234375,609.989990234375,624.0,596.7999877929688,46475000,615.010009765625
599,2020-12-14 14:30:00,639.8300170898438,639.8300170898438,642.75,610.2000122070312,52040600,619.0
600,2020-12-15 14:30:00,633.25,633.25,646.9000244140625,623.7999877929688,45071500,643.280029296875
601,2020-12-16 14:30:00,622.77001953125,622.77001953125,632.5,605.0,42095800,628.22998046875
602,2020-12-17 14:30:00,655.9000244140625,655.9000244140625,658.8200073242188,619.5,56270100,628.1900024414062
603,2020-12-18 14:30:00,695.0,695.0,695.0,628.5399780273438,222126200,668.9000244140625
604,2020-12-21 14:30:00,649.8599853515625,649.8599853515625,668.5,646.0700073242188,58045300,666.239990234375
605,2020-12-22 14:30:00,640.3400268554688,640.3400268554688,649.8800048828125,614.22998046875,51716000,648.0
606,2020-12-23 14:30:00,645.97998046875,645.97998046875,651.5,622.5700073242188,33173000,632.2000122070312
607,2020-12-24 14:30:00,661.77001953125,661.77001953125,666.0900268554688,641.0,22865600,642.989990234375
608,2020-12-28 14:30:00,663.6900024414062,663.6900024414062,681.4000244140625,660.7999877929688,32278600,674.510009765625
609,2020-12-29 14:30:00,665.989990234375,665.989990234375,669.9000244140625,655.0,22910800,661.0
610,2020-12-30 14:30:00,694.780029296875,694.780029296875,696.5999755859375,668.3599853515625,42846000,672.0
611,2020-12-31 14:30:00,705.6699829101562,705.6699829101562,718.719970703125,691.1199951171875,49649900,699.989990234375
612,2021-01-04 14:30:00,729.77001953125,729.77001953125,744.489990234375,717.1900024414062,48638200,719.4600219726562
613,2021-01-05 14:30:00,735.1099853515625,735.1099853515625,740.8400268554688,719.2000122070312,32245200,723.6599731445312
614,2021-01-06 14:30:00,755.97998046875,755.97998046875,774.0,749.0999755859375,44700000,758.489990234375
615,2021-01-07 14:30:00,816.0399780273438,816.0399780273438,816.989990234375,775.2000122070312,51498900,777.6300048828125
616,2021-01-08 14:30:00,880.02001953125,880.02001953125,884.489990234375,838.3900146484375,75055500,856.0
617,2021-01-11 14:30:00,811.1900024414062,811.1900024414062,854.4299926757812,803.6199951171875,59301600,849.4000244140625
618,2021-01-12 14:30:00,849.4400024414062,849.4400024414062,868.0,827.3400268554688,46270700,831.0
619,2021-01-13 14:30:00,854.4099731445312,854.4099731445312,860.469970703125,832.0,33312500,852.760009765625
620,2021-01-14 14:30:00,845.0,845.0,863.0,838.75,31266300,843.3900146484375
621,2021-01-15 14:30:00,826.1599731445312,826.1599731445312,859.9000244140625,819.0999755859375,38777600,852.0
622,2021-01-19 14:30:00,844.5499877929688,844.5499877929688,850.0,833.0,25367000,837.7999877929688
623,2021-01-20 14:30:00,850.4500122070312,850.4500122070312,859.5,837.280029296875,25665900,858.739990234375
624,2021-01-21 14:30:00,844.989990234375,844.989990234375,855.719970703125,841.4199829101562,20521100,855.0
625,2021-01-22 14:30:00,846.6400146484375,846.6400146484375,848.0,828.6199951171875,20066500,834.3099975585938
626,2021-01-25 14:30:00,880.7999877929688,880.7999877929688,900.4000244140625,838.8200073242188,41173400,855.0
627,2021-01-26 14:30:00,883.0900268554688,883.0900268554688,895.9000244140625,871.5999755859375,23131600,891.3800048828125
628,2021-01-27 14:30:00,864.1599731445312,864.1599731445312,891.5,858.6599731445312,27334000,870.3499755859375
629,2021-01-28 14:30:00,835.4299926757812,835.4299926757812,848.0,801.0,26378000,820.0
630,2021-01-29 14:30:00,793.530029296875,793.530029296875,842.4099731445312,780.0999755859375,34990800,830.0
631,2021-02-01 14:30:00,839.8099975585938,839.8099975585938,842.0,795.5599975585938,25391400,814.2899780273438
632,2021-02-02 14:30:00,872.7899780273438,872.7899780273438,880.5,842.2000122070312,24346200,844.6799926757812
633,2021-02-03 14:30:00,854.6900024414062,854.6900024414062,878.0800170898438,853.0599975585938,18343500,877.02001953125
634,2021-02-04 14:30:00,849.989990234375,849.989990234375,856.5,833.4199829101562,15812700,855.0
635,2021-02-05 14:30:00,852.22998046875,852.22998046875,864.77001953125,838.969970703125,18566600,845.0
636,2021-02-08 14:30:00,863.4199829101562,863.4199829101562,877.77001953125,854.75,20161700,869.6699829101562
637,2021-02-09 14:30:00,849.4600219726562,849.4600219726562,859.7999877929688,841.75,15157700,855.1199951171875
638,2021-02-10 14:30:00,804.8200073242188,804.8200073242188,844.8200073242188,800.02001953125,36216100,843.6400146484375
639,2021-02-11 14:30:00,811.6599731445312,811.6599731445312,829.8800048828125,801.72998046875,21622800,812.4400024414062
640,2021-02-12 14:30:00,816.1199951171875,816.1199951171875,817.3300170898438,785.3300170898438,23768300,801.260009765625
641,2021-02-16 14:30:00,796.219970703125,796.219970703125,821.0,792.4400024414062,19802300,818.0
642,2021-02-17 14:30:00,798.1500244140625,798.1500244140625,799.8400268554688,762.010009765625,25996500,779.0900268554688
643,2021-02-18 14:30:00,787.3800048828125,787.3800048828125,794.6900024414062,776.27001953125,17957100,780.9000244140625
644,2021-02-19 14:30:00,781.2999877929688,781.2999877929688,796.7899780273438,777.3699951171875,18958300,795.0
645,2021-02-22 14:30:00,714.5,714.5,768.5,710.2000122070312,37269700,762.6400146484375
646,2021-02-23 14:30:00,698.8400268554688,698.8400268554688,713.6099853515625,619.0,66606900,662.1300048828125
647,2021-02-24 14:30:00,742.02001953125,742.02001953125,745.0,694.1699829101562,36767000,711.8499755859375
648,2021-02-25 14:30:00,682.219970703125,682.219970703125,737.2100219726562,670.5800170898438,39023900,726.1500244140625
649,2021-02-26 14:30:00,675.5,675.5,706.7000122070312,659.510009765625,41089200,700.0
650,2021-03-01 14:30:00,718.4299926757812,718.4299926757812,719.0,685.0499877929688,27136200,690.1099853515625
651,2021-03-02 14:30:00,686.4400024414062,686.4400024414062,721.1099853515625,685.0,23732200,718.280029296875
652,2021-03-03 14:30:00,653.2000122070312,653.2000122070312,700.7000122070312,651.7100219726562,30208000,687.989990234375
653,2021-03-04 14:30:00,621.4400024414062,621.4400024414062,668.4500122070312,600.0,65919500,655.7999877929688
654,2021-03-05 14:30:00,597.9500122070312,597.9500122070312,627.8400268554688,539.489990234375,89396500,626.0599975585938
655,2021-03-08 14:30:00,563.0,563.0,620.1300048828125,558.7899780273438,51787000,600.5499877929688
656,2021-03-09 14:30:00,673.5800170898438,673.5800170898438,678.0900268554688,595.2100219726562,67523300,608.1799926757812
657,2021-03-10 14:30:00,668.0599975585938,668.0599975585938,717.8499755859375,655.0599975585938,60605700,700.2999877929688
658,2021-03-11 14:30:00,699.5999755859375,699.5999755859375,702.5,677.1799926757812,36253900,699.4000244140625
659,2021-03-12 14:30:00,693.72998046875,693.72998046875,694.8800048828125,666.1400146484375,33583800,670.0
660,2021-03-15 13:30:00,707.9400024414062,707.9400024414062,713.1799926757812,684.0399780273438,29335600,694.0900268554688
661,2021-03-16 13:30:00,676.8800048828125,676.8800048828125,707.9199829101562,671.0,32195700,703.3499755859375
662,2021-03-17 13:30:00,701.8099975585938,701.8099975585938,703.72998046875,651.010009765625,40372500,656.8699951171875
663,2021-03-18 13:30:00,653.1599731445312,653.1599731445312,689.22998046875,652.0,33224800,684.2899780273438
664,2021-03-19 13:30:00,654.8699951171875,654.8699951171875,657.22998046875,624.6199951171875,42894000,646.5999755859375
665,2021-03-22 13:30:00,670.0,670.0,699.6199951171875,668.75,39512200,684.5900268554688
666,2021-03-23 13:30:00,662.1599731445312,662.1599731445312,677.7999877929688,657.510009765625,30491900,675.77001953125
667,2021-03-24 13:30:00,630.27001953125,630.27001953125,668.02001953125,630.1099853515625,33795200,667.9099731445312
668,2021-03-25 13:30:00,640.3900146484375,640.3900146484375,645.5,609.5,39224900,613.0
669,2021-03-26 13:30:00,618.7100219726562,618.7100219726562,643.8200073242188,599.8900146484375,33852800,641.8699951171875
670,2021-03-29 13:30:00,611.2899780273438,611.2899780273438,616.47998046875,596.02001953125,28637000,615.6400146484375
671,2021-03-30 13:30:00,635.6199951171875,635.6199951171875,637.6599731445312,591.010009765625,39432400,601.75
672,2021-03-31 13:30:00,667.9299926757812,667.9299926757812,672.0,641.1099853515625,33337300,646.6199951171875
673,2021-04-01 13:30:00,661.75,661.75,692.4199829101562,659.4199829101562,35298400,688.3699951171875
674,2021-04-05 13:30:00,691.0499877929688,691.0499877929688,708.1599731445312,684.7000122070312,41842800,707.7100219726562
675,2021-04-06 13:30:00,691.6199951171875,691.6199951171875,696.5499877929688,681.3699951171875,28271800,690.2999877929688
676,2021-04-07 13:30:00,670.969970703125,670.969970703125,691.3800048828125,667.8400268554688,26309400,687.0
677,2021-04-08 13:30:00,683.7999877929688,683.7999877929688,689.5499877929688,671.6500244140625,23924300,677.3800048828125
678,2021-04-09 13:30:00,677.02001953125,677.02001953125,680.969970703125,669.4299926757812,21437100,677.77001953125
679,2021-04-12 13:30:00,701.97998046875,701.97998046875,704.7999877929688,682.0900268554688,29135700,685.7000122070312
680,2021-04-13 13:30:00,762.3200073242188,762.3200073242188,763.0,710.6599731445312,44652800,712.7000122070312
681,2021-04-14 13:30:00,732.22998046875,732.22998046875,780.7899780273438,728.030029296875,49017400,770.7000122070312
682,2021-04-15 13:30:00,738.8499755859375,738.8499755859375,743.6900024414062,721.3099975585938,27848900,743.0999755859375
683,2021-04-16 13:30:00,739.780029296875,739.780029296875,749.4099731445312,724.5999755859375,27979500,728.6500244140625
684,2021-04-19 13:30:00,714.6300048828125,714.6300048828125,725.4000244140625,691.7999877929688,39686200,719.5999755859375
685,2021-04-20 13:30:00,718.989990234375,718.989990234375,737.25,710.6900024414062,35609000,717.4199829101562
686,2021-04-21 13:30:00,744.1199951171875,744.1199951171875,744.8400268554688,698.0,31215500,704.77001953125
687,2021-04-22 13:30:00,719.6900024414062,719.6900024414062,753.77001953125,718.0399780273438,35590300,741.5
688,2021-04-23 13:30:00,729.4000244140625,729.4000244140625,737.3599853515625,715.4600219726562,28370000,719.7999877929688
689,2021-04-26 13:30:00,738.2000122070312,738.2000122070312,749.2999877929688,732.6099853515625,31038500,741.0
690,2021-04-27 13:30:00,704.739990234375,704.739990234375,724.0,703.3499755859375,29437000,717.9600219726562
691,2021-04-28 13:30:00,694.4000244140625,694.4000244140625,708.5,693.5999755859375,22271000,696.4099731445312
692,2021-04-29 13:30:00,677.0,677.0,702.25,668.5,28845400,699.510009765625
693,2021-04-30 13:30:00,709.4400024414062,709.4400024414062,715.469970703125,666.1400146484375,40758700,667.5900268554688
694,2021-05-03 13:30:00,684.9000244140625,684.9000244140625,706.0,680.5,27043100,703.7999877929688
695,2021-05-04 13:30:00,673.5999755859375,673.5999755859375,683.4500122070312,657.7000122070312,29739300,678.9400024414062
696,2021-05-05 13:30:00,670.9400024414062,670.9400024414062,685.2999877929688,667.3400268554688,21901900,681.0599975585938
697,2021-05-06 13:30:00,663.5399780273438,663.5399780273438,681.02001953125,650.0,27784600,680.760009765625
698,2021-05-07 13:30:00,672.3699951171875,672.3699951171875,690.0,660.219970703125,23469200,665.7999877929688
699,2021-05-10 13:30:00,629.0399780273438,629.0399780273438,665.0499877929688,627.6099853515625,31392400,664.9000244140625
700,2021-05-11 13:30:00,617.2000122070312,617.2000122070312,627.0999755859375,595.5999755859375,46503900,599.239990234375
701,2021-05-12 13:30:00,589.8900146484375,589.8900146484375,620.4099731445312,586.77001953125,33823600,602.489990234375
702,2021-05-13 13:30:00,571.6900024414062,571.6900024414062,606.4600219726562,559.6500244140625,44184900,601.5399780273438
703,2021-05-14 13:30:00,589.739990234375,589.739990234375,592.8699951171875,570.4600219726562,33370900,583.4099731445312
704,2021-05-17 13:30:00,576.8300170898438,576.8300170898438,589.72998046875,561.2000122070312,32390400,575.5499877929688
705,2021-05-18 13:30:00,577.8699951171875,577.8699951171875,596.25,563.3800048828125,36830600,568.0
706,2021-05-19 13:30:00,563.4600219726562,563.4600219726562,566.2100219726562,546.97998046875,39578400,552.5499877929688
707,2021-05-20 13:30:00,586.780029296875,586.780029296875,588.8499755859375,571.0700073242188,30821100,575.0
708,2021-05-21 13:30:00,580.8800048828125,580.8800048828125,596.6799926757812,580.0,26030600,596.1099853515625
709,2021-05-24 13:30:00,606.4400024414062,606.4400024414062,614.47998046875,573.6500244140625,34558100,581.5999755859375
710,2021-05-25 13:30:00,604.6900024414062,604.6900024414062,613.989990234375,595.7100219726562,28005900,607.3099975585938
711,2021-05-26 13:30:00,619.1300048828125,619.1300048828125,626.1699829101562,601.5,28639300,607.5599975585938
712,2021-05-27 13:30:00,630.8499755859375,630.8499755859375,631.1300048828125,616.2100219726562,26370600,620.239990234375
713,2021-05-28 13:30:00,625.219970703125,625.219970703125,635.5900268554688,622.3800048828125,22737000,628.5
714,2021-06-01 13:30:00,623.9000244140625,623.9000244140625,633.7999877929688,620.5499877929688,18084900,627.7999877929688
715,2021-06-02 13:30:00,605.1199951171875,605.1199951171875,623.3599853515625,599.1400146484375,23302800,620.1300048828125
716,2021-06-03 13:30:00,572.8400268554688,572.8400268554688,604.5499877929688,571.219970703125,30111900,601.7999877929688
717,2021-06-04 13:30:00,599.0499877929688,599.0499877929688,600.6099853515625,577.2000122070312,24036900,579.7100219726562
718,2021-06-07 13:30:00,605.1300048828125,605.1300048828125,610.0,582.8800048828125,22543700,591.8300170898438
719,2021-06-08 13:30:00,603.5900268554688,603.5900268554688,623.0900268554688,595.5,26053400,623.010009765625
720,2021-06-09 13:30:00,598.780029296875,598.780029296875,611.7899780273438,597.6300048828125,16584600,602.1699829101562
721,2021-06-10 13:30:00,610.1199951171875,610.1199951171875,616.5900268554688,600.5,23919600,603.8800048828125
722,2021-06-11 13:30:00,609.8900146484375,609.8900146484375,612.5599975585938,601.52001953125,16205300,610.22998046875
723,2021-06-14 13:30:00,617.6900024414062,617.6900024414062,625.489990234375,609.1799926757812,20424000,612.22998046875
724,2021-06-15 13:30:00,599.3599853515625,599.3599853515625,616.7899780273438,598.22998046875,17764100,616.6900024414062
725,2021-06-16 13:30:00,604.8699951171875,604.8699951171875,608.5,593.5,22144100,597.5399780273438
726,2021-06-17 13:30:00,616.5999755859375,616.5999755859375,621.469970703125,601.3400268554688,22701400,601.8900146484375
727,2021-06-18 13:30:00,623.3099975585938,623.3099975585938,628.3499755859375,611.7999877929688,24560900,613.3699951171875
728,2021-06-21 13:30:00,620.8300170898438,620.8300170898438,631.3900146484375,608.8800048828125,24812700,624.47998046875
729,2021-06-22 13:30:00,623.7100219726562,623.7100219726562,628.5700073242188,615.5,19158900,618.25
730,2021-06-23 13:30:00,656.5700073242188,656.5700073242188,657.2000122070312,630.0399780273438,31099200,632.0
731,2021-06-24 13:30:00,679.8200073242188,679.8200073242188,697.6199951171875,667.6099853515625,45982400,674.989990234375
732,2021-06-25 13:30:00,671.8699951171875,671.8699951171875,693.8099975585938,668.7000122070312,32496700,689.5800170898438
733,2021-06-28 13:30:00,688.719970703125,688.719970703125,694.7000122070312,670.3200073242188,21628200,671.6400146484375
734,2021-06-29 13:30:00,680.760009765625,680.760009765625,687.510009765625,675.8900146484375,17381300,684.6500244140625
735,2021-06-30 13:30:00,679.7000122070312,679.7000122070312,692.8099975585938,678.1400146484375,18924900,679.77001953125
736,2021-07-01 13:30:00,677.9199829101562,677.9199829101562,687.989990234375,672.7999877929688,18634500,683.9199829101562
737,2021-07-02 13:30:00,678.9000244140625,678.9000244140625,700.0,673.260009765625,27054500,678.97998046875
738,2021-07-06 13:30:00,659.5800170898438,659.5800170898438,684.0,651.4000244140625,23284500,681.7100219726562
739,2021-07-07 13:30:00,644.6500244140625,644.6500244140625,665.7000122070312,638.3200073242188,18792000,664.27001953125
740,2021-07-08 13:30:00,652.8099975585938,652.8099975585938,654.4299926757812,620.4600219726562,22773300,628.3699951171875
741,2021-07-09 13:30:00,656.9500122070312,656.9500122070312,658.9099731445312,644.6900024414062,18118500,653.1799926757812
742,2021-07-12 13:30:00,685.7000122070312,685.7000122070312,687.239990234375,662.1599731445312,25927000,662.2000122070312
743,2021-07-13 13:30:00,668.5399780273438,668.5399780273438,693.280029296875,666.2999877929688,20966100,686.3200073242188
744,2021-07-14 13:30:00,653.3800048828125,653.3800048828125,678.6099853515625,652.8400268554688,21641200,670.75
745,2021-07-15 13:30:00,650.5999755859375,650.5999755859375,666.1400146484375,637.8800048828125,20209600,658.3900146484375
746,2021-07-16 13:30:00,644.219970703125,644.219970703125,656.7000122070312,642.2000122070312,16339800,654.6799926757812
747,2021-07-19 13:30:00,646.219970703125,646.219970703125,647.2000122070312,621.2899780273438,21297100,629.8900146484375
748,2021-07-20 13:30:00,660.5,660.5,662.3900146484375,640.5,15442700,651.989990234375
749,2021-07-21 13:30:00,655.2899780273438,655.2899780273438,664.8599853515625,650.2899780273438,13910800,659.6099853515625
750,2021-07-22 13:30:00,649.260009765625,649.260009765625,662.1699829101562,644.5999755859375,15105700,656.4400024414062
751,2021-07-23 13:30:00,643.3800048828125,643.3800048828125,648.7999877929688,637.2999877929688,14581300,646.3599853515625
752,2021-07-26 13:30:00,657.6199951171875,657.6199951171875,668.2000122070312,647.1099853515625,25044100,650.969970703125
753,2021-07-27 13:30:00,644.780029296875,644.780029296875,666.5,627.239990234375,32756900,663.4000244140625
754,2021-07-28 13:30:00,646.97998046875,646.97998046875,654.969970703125,639.4000244140625,15970200,647.0
